# f1,f2,f3,f4,f5,f6,f7,f8,sign
-1.330226063728332520e+00,5.524349689483642578e+00,9.229360818862915039e-01,-1.022666692733764648e+00,-5.744070410728454590e-01,-9.795446991920471191e-01,-1.171645045280456543e+00,-9.107928872108459473e-01,1.000000000000000000e+00
2.124230861663818359e-01,-6.253747940063476562e-01,-2.825140357017517090e-01,-1.771137356758117676e+00,5.563647747039794922e+00,-2.434434890747070312e+00,-1.311560273170471191e+00,-1.703396201133728027e+00,4.000000000000000000e+00
-7.535848617553710938e-01,-1.036489605903625488e+00,-2.980146706104278564e-01,-7.920175790786743164e-01,-1.138672828674316406e+00,-4.232544302940368652e-01,-4.817399382591247559e-01,5.329356670379638672e+00,7.000000000000000000e+00
-6.313294768333435059e-01,-6.431824564933776855e-01,-1.595400929450988770e+00,8.330511450767517090e-01,-1.103951573371887207e+00,4.871910572052001953e+00,-8.290834426879882812e-01,-1.013686060905456543e+00,5.000000000000000000e+00
-1.430915236473083496e+00,5.487331867218017578e+00,9.541118144989013672e-01,-1.072469592094421387e+00,-5.001431703567504883e-01,-9.608640074729919434e-01,-9.607816338539123535e-01,-1.088333487510681152e+00,1.000000000000000000e+00
-7.594306468963623047e-01,-8.178877830505371094e-01,-7.450002431869506836e-01,-1.215128779411315918e+00,-9.023644924163818359e-01,-6.088028550148010254e-01,-3.795253634452819824e-01,6.037147045135498047e+00,7.000000000000000000e+00
4.513623714447021484e+00,-1.458063602447509766e+00,-1.334158062934875488e+00,-6.212738156318664551e-01,-4.628492891788482666e-01,-5.978267788887023926e-01,-1.044938921928405762e+00,-2.069759607315063477e+00,0.000000000000000000e+00
5.351566672325134277e-01,-1.688990235328674316e+00,-1.263460516929626465e+00,5.390858173370361328e+00,-1.796103477478027344e+00,4.030641317367553711e-01,-1.673865199089050293e+00,-1.107306838035583496e+00,3.000000000000000000e+00
-3.502635955810546875e-01,-6.878175735473632812e-01,-1.752599120140075684e+00,6.486502885818481445e-01,-1.069915413856506348e+00,5.037071228027343750e+00,-1.073076367378234863e+00,-8.967821002006530762e-01,5.000000000000000000e+00
1.604247093200683594e+00,-4.331240653991699219e-01,-7.676608115434646606e-02,-1.882289171218872070e+00,3.702887535095214844e+00,-2.291766166687011719e+00,-1.644509077072143555e+00,-2.368371248245239258e+00,4.000000000000000000e+00
-9.328411817550659180e-01,4.802615344524383545e-01,5.077975273132324219e+00,-9.832841157913208008e-01,-5.810130834579467773e-01,-2.091683626174926758e+00,-1.240543961524963379e+00,-1.464162707328796387e+00,2.000000000000000000e+00
-5.657953023910522461e-01,-7.613553404808044434e-01,-1.086121439933776855e+00,-1.252918958663940430e+00,-6.409546136856079102e-01,-9.645081162452697754e-01,5.929763317108154297e+00,-6.835479140281677246e-01,6.000000000000000000e+00
-9.685438871383666992e-01,4.729155898094177246e-01,5.494636058807373047e+00,-1.062886953353881836e+00,-6.387123465538024902e-01,-2.350567102432250977e+00,-9.016147851943969727e-01,-1.571178078651428223e+00,2.000000000000000000e+00
3.701788663864135742e+00,-1.478371500968933105e+00,-1.299957156181335449e+00,-7.789702415466308594e-01,4.138984158635139465e-02,-7.074568867683410645e-01,-5.158837437629699707e-01,-1.732531666755676270e+00,0.000000000000000000e+00
-5.505573153495788574e-01,-8.506749272346496582e-01,-1.024186968803405762e+00,-1.559495210647583008e+00,-6.307199001312255859e-01,-1.386918663978576660e+00,6.325734615325927734e+00,-7.389469742774963379e-01,6.000000000000000000e+00
3.434570550918579102e+00,-1.838882446289062500e+00,-4.706175625324249268e-01,-9.091012477874755859e-01,2.644601762294769287e-01,-1.442825794219970703e+00,-1.807934045791625977e-01,-1.849694371223449707e+00,0.000000000000000000e+00
-8.657065629959106445e-01,4.848583638668060303e-01,5.089085578918457031e+00,-8.407454490661621094e-01,-6.460642814636230469e-01,-2.025820493698120117e+00,-1.085498094558715820e+00,-1.470679521560668945e+00,2.000000000000000000e+00
-1.280577421188354492e+00,5.481093406677246094e+00,9.643566608428955078e-01,-9.751775264739990234e-01,-5.738589763641357422e-01,-9.805533289909362793e-01,-1.250834941864013672e+00,-8.690527081489562988e-01,1.000000000000000000e+00
-7.082213163375854492e-01,-8.920477628707885742e-01,-6.519742012023925781e-01,-1.173965096473693848e+00,-8.997151851654052734e-01,-5.985252261161804199e-01,-4.457062482833862305e-01,5.944597721099853516e+00,7.000000000000000000e+00
-7.815342545509338379e-01,-7.096567153930664062e-01,-6.898094415664672852e-01,-1.125717163085937500e+00,-8.922574520111083984e-01,-6.401892900466918945e-01,-4.080655574798583984e-01,5.940382003784179688e+00,7.000000000000000000e+00
-7.476475238800048828e-01,-8.465307950973510742e-01,-7.348078489303588867e-01,-1.234077215194702148e+00,-9.097898602485656738e-01,-6.245388388633728027e-01,-3.907248973846435547e-01,6.125387668609619141e+00,7.000000000000000000e+00
-1.049925327301025391e+00,5.186052322387695312e-01,5.341542720794677734e+00,-1.175971984863281250e+00,-5.382364988327026367e-01,-2.357357263565063477e+00,-9.697389006614685059e-01,-1.559063792228698730e+00,2.000000000000000000e+00
-5.513547658920288086e-01,-7.041512727737426758e-01,-1.723890304565429688e+00,7.515536546707153320e-01,-1.136625051498413086e+00,5.209945678710937500e+00,-1.015495300292968750e+00,-1.096644043922424316e+00,5.000000000000000000e+00
-7.261188626289367676e-01,-7.122128009796142578e-01,-6.948645710945129395e-01,-1.133273363113403320e+00,-8.780026435852050781e-01,-6.475420594215393066e-01,-4.501637816429138184e-01,5.806641101837158203e+00,7.000000000000000000e+00
5.330531597137451172e+00,-2.103909015655517578e+00,-1.566371917724609375e+00,2.214877903461456299e-01,-6.656991243362426758e-01,-6.970822215080261230e-01,-1.219019055366516113e+00,-2.334762811660766602e+00,0.000000000000000000e+00
-7.671606540679931641e-01,-8.366659879684448242e-01,-3.797196745872497559e-01,-8.024258017539978027e-01,-1.062334179878234863e+00,-4.889269471168518066e-01,-5.312449932098388672e-01,5.286437511444091797e+00,7.000000000000000000e+00
-6.154518723487854004e-01,-6.868346929550170898e-01,-1.693531274795532227e+00,8.097841739654541016e-01,-1.143617868423461914e+00,5.173418521881103516e+00,-9.578372240066528320e-01,-1.137578129768371582e+00,5.000000000000000000e+00
4.568512737751007080e-01,-1.471456527709960938e+00,-1.117730021476745605e+00,5.130920886993408203e+00,-1.782984972000122070e+00,3.948121666908264160e-01,-1.341189503669738770e+00,-1.298956632614135742e+00,5.000000000000000000e+00
-5.708159208297729492e-01,-8.163359165191650391e-01,-1.022535562515258789e+00,-1.517730951309204102e+00,-6.460962891578674316e-01,-1.295958995819091797e+00,6.253454685211181641e+00,-7.576299309730529785e-01,6.000000000000000000e+00
-1.462304830551147461e+00,5.451469421386718750e+00,9.139975309371948242e-01,-1.106947422027587891e+00,-4.679821729660034180e-01,-9.684620499610900879e-01,-9.173254966735839844e-01,-1.008304834365844727e+00,1.000000000000000000e+00
5.168360233306884766e+00,-1.959479689598083496e+00,-1.533404707908630371e+00,-3.867109864950180054e-02,-7.017827630043029785e-01,-6.709560751914978027e-01,-1.076984763145446777e+00,-2.317077636718750000e+00,0.000000000000000000e+00
4.324906766414642334e-01,-1.595292091369628906e+00,-1.169638037681579590e+00,5.421608448028564453e+00,-1.795053362846374512e+00,3.839446902275085449e-01,-1.532793402671813965e+00,-1.251568675041198730e+00,3.000000000000000000e+00
-1.031560420989990234e+00,-1.084110379219055176e+00,-4.841558039188385010e-01,-9.692019224166870117e-01,-9.865951538085937500e-01,-3.213421106338500977e-01,-6.904006004333496094e-03,5.231924057006835938e+00,7.000000000000000000e+00
-9.921370744705200195e-01,-1.087385654449462891e+00,-6.128740906715393066e-01,-1.111067652702331543e+00,-1.007753491401672363e+00,-3.155465722084045410e-01,-1.208004206418991089e-01,5.577860355377197266e+00,7.000000000000000000e+00
-5.946174263954162598e-01,-7.116502523422241211e-01,-1.813260674476623535e+00,9.406026005744934082e-01,-1.151414752006530762e+00,5.339136123657226562e+00,-1.043540477752685547e+00,-1.226216316223144531e+00,5.000000000000000000e+00
4.838779568672180176e-01,-1.591962218284606934e+00,-1.171485543251037598e+00,5.339285373687744141e+00,-1.756821036338806152e+00,3.673628568649291992e-01,-1.478538751602172852e+00,-1.239907145500183105e+00,3.000000000000000000e+00
4.805961549282073975e-01,-1.606426954269409180e+00,-1.194061398506164551e+00,5.407190322875976562e+00,-1.835385441780090332e+00,4.295687079429626465e-01,-1.569557189941406250e+00,-1.222728610038757324e+00,3.000000000000000000e+00
-7.766618728637695312e-01,-9.096957445144653320e-01,-7.363932132720947266e-01,-1.261831283569335938e+00,-9.229862689971923828e-01,-5.843901038169860840e-01,-3.454957604408264160e-01,6.171218872070312500e+00,7.000000000000000000e+00
5.373537540435791016e+00,-2.153751850128173828e+00,-1.587400078773498535e+00,3.619728684425354004e-01,-6.493878364562988281e-01,-7.687457203865051270e-01,-1.281427979469299316e+00,-2.368568897247314453e+00,0.000000000000000000e+00
-5.864230990409851074e-01,-7.623867988586425781e-01,-1.063151836395263672e+00,-1.338235020637512207e+00,-6.465079784393310547e-01,-1.040581345558166504e+00,6.007376670837402344e+00,-7.408291697502136230e-01,6.000000000000000000e+00
-7.259435057640075684e-01,-9.351919293403625488e-01,-6.364840269088745117e-01,-1.167956113815307617e+00,-9.530422687530517578e-01,-5.153813958168029785e-01,-3.036910295486450195e-01,5.838379383087158203e+00,7.000000000000000000e+00
4.375078678131103516e+00,-1.607512712478637695e+00,-1.413786888122558594e+00,-1.064360141754150391e+00,7.627250254154205322e-02,-9.739226698875427246e-01,-2.126929014921188354e-01,-2.080044031143188477e+00,0.000000000000000000e+00
-4.648119211196899414e-03,-1.012801408767700195e+00,-5.739513039588928223e-01,-1.461372256278991699e+00,-9.155971407890319824e-01,-1.666850209236145020e+00,5.946354389190673828e+00,-7.001288533210754395e-01,6.000000000000000000e+00
5.377173423767089844e+00,-2.172881841659545898e+00,-1.598951697349548340e+00,4.997853040695190430e-01,-6.860644221305847168e-01,-7.667892575263977051e-01,-1.293907523155212402e+00,-2.387645244598388672e+00,0.000000000000000000e+00
-1.056706547737121582e+00,6.352630853652954102e-01,5.385817050933837891e+00,-1.314423799514770508e+00,-4.525032043457031250e-01,-2.495223999023437500e+00,-8.724785447120666504e-01,-1.718661427497863770e+00,2.000000000000000000e+00
5.534504055976867676e-01,-1.641768574714660645e+00,-1.226978182792663574e+00,5.300323009490966797e+00,-1.786691546440124512e+00,4.205895662307739258e-01,-1.577905058860778809e+00,-1.169885039329528809e+00,3.000000000000000000e+00
-8.335582911968231201e-03,-5.796289443969726562e-01,-2.684167325496673584e-01,-1.797162532806396484e+00,5.562758922576904297e+00,-2.340069532394409180e+00,-1.121232032775878906e+00,-1.781852364540100098e+00,4.000000000000000000e+00
-1.386748194694519043e+00,5.622821807861328125e+00,1.030876755714416504e+00,-1.195855140686035156e+00,-4.921609163284301758e-01,-1.008257865905761719e+00,-1.076622247695922852e+00,-8.582012653350830078e-01,1.000000000000000000e+00
-7.518131732940673828e-01,-9.812600612640380859e-01,-7.404059767723083496e-01,-1.281926274299621582e+00,-9.203270673751831055e-01,-5.176823735237121582e-01,-2.946397662162780762e-01,6.027133464813232422e+00,7.000000000000000000e+00
3.999641180038452148e+00,-2.153937101364135742e+00,-8.282999992370605469e-01,-3.164278864860534668e-01,-2.570195123553276062e-02,-1.370539426803588867e+00,-3.882525563240051270e-01,-1.867724299430847168e+00,0.000000000000000000e+00
-5.091105699539184570e-01,-7.014369368553161621e-01,-1.785380840301513672e+00,8.107046484947204590e-01,-1.136984825134277344e+00,5.208636283874511719e+00,-1.062729001045227051e+00,-1.096783280372619629e+00,5.000000000000000000e+00
-1.578397035598754883e+00,5.657756805419921875e+00,1.095042586326599121e+00,-1.420004367828369141e+00,-4.858140647411346436e-01,-9.695268273353576660e-01,-7.814847826957702637e-01,-8.922165036201477051e-01,1.000000000000000000e+00
5.082050800323486328e+00,-2.000646591186523438e+00,-1.478227019309997559e+00,2.052693068981170654e-01,-4.285120368003845215e-01,-8.258424997329711914e-01,-1.222654461860656738e+00,-2.295770645141601562e+00,0.000000000000000000e+00
4.894763946533203125e+00,-1.603061676025390625e+00,-1.484733462333679199e+00,-6.828039884567260742e-01,-4.529447555541992188e-01,-7.269011735916137695e-01,-1.050042748451232910e+00,-2.139367341995239258e+00,0.000000000000000000e+00
5.413473606109619141e+00,-2.191231012344360352e+00,-1.599617600440979004e+00,4.576726257801055908e-01,-7.012780904769897461e-01,-7.448807358741760254e-01,-1.319663405418395996e+00,-2.356786727905273438e+00,0.000000000000000000e+00
-7.770459055900573730e-01,-7.990745306015014648e-01,-7.053202390670776367e-01,-1.177078127861022949e+00,-9.155856370925903320e-01,-6.334629058837890625e-01,-3.982620239257812500e-01,6.093954563140869141e+00,7.000000000000000000e+00
-5.884239673614501953e-01,-6.894919872283935547e-01,-1.635531187057495117e+00,7.236320972442626953e-01,-1.105677247047424316e+00,5.069111824035644531e+00,-9.350533485412597656e-01,-1.089265823364257812e+00,5.000000000000000000e+00
4.828512191772460938e+00,-1.818255662918090820e+00,-1.380326628684997559e+00,-4.252218008041381836e-01,-5.287516713142395020e-01,-4.867315888404846191e-01,-1.031633615493774414e+00,-2.024024009704589844e+00,0.000000000000000000e+00
-1.022525787353515625e+00,5.282191634178161621e-01,5.528935909271240234e+00,-1.204306483268737793e+00,-6.349362134933471680e-01,-2.463912963867187500e+00,-8.799410462379455566e-01,-1.576067328453063965e+00,2.000000000000000000e+00
4.291132986545562744e-01,-1.029824852943420410e+00,-7.634940147399902344e-01,4.112098217010498047e+00,-1.171056866645812988e+00,5.037865042686462402e-01,-8.724458813667297363e-01,-1.312936067581176758e+00,3.000000000000000000e+00
-7.453204989433288574e-01,-9.788992404937744141e-01,-7.518804669380187988e-01,-1.314489483833312988e+00,-9.272773265838623047e-01,-5.401774048805236816e-01,-3.121633529663085938e-01,6.157882213592529297e+00,7.000000000000000000e+00
5.860603451728820801e-01,-1.522160887718200684e+00,-1.121290087699890137e+00,5.019543170928955078e+00,-1.654492974281311035e+00,3.466066122055053711e-01,-1.255285024642944336e+00,-1.300747513771057129e+00,3.000000000000000000e+00
-6.224151253700256348e-01,-1.061432361602783203e+00,-8.176314234733581543e-01,-1.442297935485839844e+00,-9.236501455307006836e-01,-5.859562754631042480e-01,-3.459364175796508789e-01,6.140377998352050781e+00,5.000000000000000000e+00
4.677615165710449219e-01,-1.596951246261596680e+00,-1.164687037467956543e+00,5.324647426605224609e+00,-1.763686418533325195e+00,3.750047683715820312e-01,-1.550216078758239746e+00,-1.211611866950988770e+00,3.000000000000000000e+00
4.349960803985595703e+00,-1.557639598846435547e+00,-1.343367695808410645e+00,-8.689552545547485352e-01,2.035015448927879333e-02,-8.968735337257385254e-01,-5.990661382675170898e-01,-2.110079526901245117e+00,0.000000000000000000e+00
2.342799305915832520e-01,-7.217715382575988770e-01,-2.627944350242614746e-01,-1.782673597335815430e+00,5.530767440795898438e+00,-2.429023265838623047e+00,-1.272615075111389160e+00,-1.773123860359191895e+00,4.000000000000000000e+00
5.022684574127197266e+00,-2.024793863296508789e+00,-1.525447010993957520e+00,7.509714365005493164e-02,-6.158746480941772461e-01,-6.392167806625366211e-01,-1.159007072448730469e+00,-2.094194889068603516e+00,0.000000000000000000e+00
-7.267026305198669434e-01,-8.027359247207641602e-01,-6.854867339134216309e-01,-1.168577790260314941e+00,-8.693892955780029297e-01,-6.392712593078613281e-01,-4.112190008163452148e-01,5.952639579772949219e+00,7.000000000000000000e+00
4.797551035881042480e-01,-1.661921977996826172e+00,-1.241736769676208496e+00,5.365389347076416016e+00,-1.805035114288330078e+00,4.068074822425842285e-01,-1.709187626838684082e+00,-1.206951975822448730e+00,3.000000000000000000e+00
4.990209639072418213e-01,-8.060582876205444336e-01,-1.512249410152435303e-01,-2.016855239868164062e+00,5.360064029693603516e+00,-2.600824356079101562e+00,-1.171645402908325195e+00,-2.005449056625366211e+00,4.000000000000000000e+00
-1.597313880920410156e-01,-9.827128648757934570e-01,-5.564442873001098633e-01,-1.551827788352966309e+00,-8.028302788734436035e-01,-1.571782350540161133e+00,6.577417850494384766e+00,-8.113707900047302246e-01,6.000000000000000000e+00
4.481995701789855957e-01,-1.621200323104858398e+00,-1.200376033782958984e+00,5.448029994964599609e+00,-1.805156350135803223e+00,4.027009606361389160e-01,-1.582019329071044922e+00,-1.242822647094726562e+00,3.000000000000000000e+00
5.380387902259826660e-01,-1.523273944854736328e+00,-1.097328782081604004e+00,5.145063877105712891e+00,-1.709025859832763672e+00,3.388378620147705078e-01,-1.325171589851379395e+00,-1.268204450607299805e+00,3.000000000000000000e+00
-8.805966377258300781e-01,5.017226338386535645e-01,5.132738590240478516e+00,-9.042320847511291504e-01,-6.504647135734558105e-01,-2.046911001205444336e+00,-1.205702424049377441e+00,-1.608958482742309570e+00,2.000000000000000000e+00
-7.641140818595886230e-01,-8.135415315628051758e-01,-6.795449256896972656e-01,-1.152955412864685059e+00,-9.089803099632263184e-01,-6.026883721351623535e-01,-3.790189623832702637e-01,5.928259372711181641e+00,7.000000000000000000e+00
5.064153075218200684e-01,-1.585196733474731445e+00,-1.176031708717346191e+00,5.340091705322265625e+00,-1.821601510047912598e+00,4.198758602142333984e-01,-1.522094488143920898e+00,-1.217194914817810059e+00,3.000000000000000000e+00
-8.048564791679382324e-01,-7.453427314758300781e-01,-6.141152977943420410e-01,-1.037818193435668945e+00,-9.107469320297241211e-01,-5.509595274925231934e-01,-3.487538695335388184e-01,5.596317768096923828e+00,7.000000000000000000e+00
-5.492613315582275391e-01,-8.323845267295837402e-01,-9.519106149673461914e-01,-1.378204822540283203e+00,-6.766275763511657715e-01,-1.047978878021240234e+00,6.193082332611083984e+00,-8.121449351310729980e-01,6.000000000000000000e+00
5.386224389076232910e-01,-1.659579157829284668e+00,-1.213608026504516602e+00,5.303332805633544922e+00,-1.752763867378234863e+00,3.856581449508666992e-01,-1.586887001991271973e+00,-1.152590394020080566e+00,3.000000000000000000e+00
-1.423978924751281738e+00,5.493296146392822266e+00,9.350390434265136719e-01,-1.078393340110778809e+00,-5.066160559654235840e-01,-9.791869521141052246e-01,-1.014531373977661133e+00,-1.021556138992309570e+00,1.000000000000000000e+00
5.407815933227539062e+00,-2.188522577285766602e+00,-1.597238183021545410e+00,4.176919162273406982e-01,-6.848069429397583008e-01,-7.527053952217102051e-01,-1.286906599998474121e+00,-2.379254102706909180e+00,0.000000000000000000e+00
-9.894237518310546875e-01,5.009300112724304199e-01,5.491205692291259766e+00,-1.157431960105895996e+00,-6.521073579788208008e-01,-2.424228906631469727e+00,-9.471768140792846680e-01,-1.590482115745544434e+00,2.000000000000000000e+00
-7.340399026870727539e-01,-9.564706087112426758e-01,-7.044080495834350586e-01,-1.270919084548950195e+00,-9.282798767089843750e-01,-5.855666995048522949e-01,-3.442555665969848633e-01,6.166744709014892578e+00,7.000000000000000000e+00
3.510402888059616089e-02,-6.382799148559570312e-01,-2.484011054039001465e-01,-1.737872004508972168e+00,5.554908752441406250e+00,-2.343175888061523438e+00,-1.222807049751281738e+00,-1.687843203544616699e+00,4.000000000000000000e+00
-5.310514569282531738e-01,-8.668642640113830566e-01,-1.049742817878723145e+00,-1.436479449272155762e+00,-6.111733317375183105e-01,-1.261771917343139648e+00,6.296017169952392578e+00,-6.818779706954956055e-01,6.000000000000000000e+00
-3.473589718341827393e-01,-6.726382374763488770e-01,-1.724949240684509277e+00,6.559109091758728027e-01,-1.068097472190856934e+00,4.983086585998535156e+00,-1.054176330566406250e+00,-8.847188353538513184e-01,5.000000000000000000e+00
-1.341852784156799316e+00,5.545072555541992188e+00,9.929401874542236328e-01,-1.097013473510742188e+00,-5.122807621955871582e-01,-9.489064812660217285e-01,-1.193158984184265137e+00,-8.302669525146484375e-01,1.000000000000000000e+00
-3.374977707862854004e-01,-4.795862734317779541e-01,-2.295958101749420166e-01,-1.564607381820678711e+00,5.282036304473876953e+00,-2.078034400939941406e+00,-9.267638325691223145e-01,-1.647704005241394043e+00,4.000000000000000000e+00
-1.332477927207946777e+00,5.499547004699707031e+00,1.001224756240844727e+00,-1.109460711479187012e+00,-5.184384584426879883e-01,-1.017120599746704102e+00,-1.141076803207397461e+00,-8.628442287445068359e-01,1.000000000000000000e+00
-2.296912074089050293e-01,-3.740042150020599365e-01,-1.890094876289367676e-01,-1.463280677795410156e+00,5.165070533752441406e+00,-1.916253805160522461e+00,-1.151864290237426758e+00,-1.090767741203308105e+00,4.000000000000000000e+00
5.228151798248291016e+00,-2.149720668792724609e+00,-1.614020466804504395e+00,2.749129235744476318e-01,-7.293155193328857422e-01,-6.454135775566101074e-01,-1.064976572990417480e+00,-2.378204345703125000e+00,0.000000000000000000e+00
-5.759304165840148926e-01,-8.746157884597778320e-01,-9.528232812881469727e-01,-1.696284174919128418e+00,-6.387448310852050781e-01,-1.551832199096679688e+00,6.443371295928955078e+00,-7.588724493980407715e-01,6.000000000000000000e+00
-3.062205016613006592e-01,-4.112461805343627930e-01,-2.201842963695526123e-01,-1.554524183273315430e+00,5.233253479003906250e+00,-2.013841152191162109e+00,-1.041444659233093262e+00,-1.386168599128723145e+00,4.000000000000000000e+00
-6.799234747886657715e-01,-8.971456289291381836e-01,-5.457518696784973145e-01,-1.049286127090454102e+00,-1.036687254905700684e+00,-5.163686275482177734e-01,-4.337993860244750977e-01,5.705991268157958984e+00,7.000000000000000000e+00
3.514592170715332031e+00,-1.758519649505615234e+00,-3.563667237758636475e-01,-9.107095003128051758e-01,2.490236312150955200e-01,-1.575878024101257324e+00,-2.708822488784790039e-01,-1.922812819480895996e+00,0.000000000000000000e+00
-1.303477644920349121e+00,5.443752288818359375e+00,9.597464799880981445e-01,-1.027814269065856934e+00,-5.299665331840515137e-01,-9.616852402687072754e-01,-1.227147459983825684e+00,-7.868831753730773926e-01,1.000000000000000000e+00
-9.490150213241577148e-01,4.434855282306671143e-01,5.545403480529785156e+00,-1.028420209884643555e+00,-6.037597656250000000e-01,-2.403440237045288086e+00,-7.777513861656188965e-01,-1.463705778121948242e+00,2.000000000000000000e+00
-5.900690555572509766e-01,-7.746730446815490723e-01,-1.063454151153564453e+00,-1.335707426071166992e+00,-6.415779590606689453e-01,-9.847901463508605957e-01,5.933835506439208984e+00,-7.881127595901489258e-01,6.000000000000000000e+00
1.545147597789764404e-01,-7.579781413078308105e-01,-6.074061244726181030e-02,-1.454732418060302734e+00,-8.144686222076416016e-01,-1.722923994064331055e+00,5.382483482360839844e+00,-9.068263769149780273e-01,6.000000000000000000e+00
3.802651166915893555e-01,-1.026667237281799316e+00,-7.940632104873657227e-01,4.174607753753662109e+00,-1.290528893470764160e+00,4.195787310600280762e-01,-9.387323856353759766e-01,-1.114419579505920410e+00,3.000000000000000000e+00
3.701444864273071289e-01,-7.873705625534057617e-01,-2.558319270610809326e-01,-1.818590641021728516e+00,5.477580070495605469e+00,-2.491747856140136719e+00,-1.296276688575744629e+00,-1.878060102462768555e+00,4.000000000000000000e+00
-1.028821110725402832e+00,5.683138370513916016e-01,5.120514869689941406e+00,-1.181941390037536621e+00,-4.740452766418457031e-01,-2.260304450988769531e+00,-1.072114348411560059e+00,-1.738710284233093262e+00,2.000000000000000000e+00
-8.563727736473083496e-01,5.006579756736755371e-01,5.035606861114501953e+00,-8.384895324707031250e-01,-6.617549657821655273e-01,-1.978874444961547852e+00,-1.219394445419311523e+00,-1.490938663482666016e+00,2.000000000000000000e+00
-5.748956203460693359e-01,-6.920101642608642578e-01,-1.666240811347961426e+00,7.052882909774780273e-01,-1.091566205024719238e+00,5.090280532836914062e+00,-9.553172588348388672e-01,-1.077803373336791992e+00,5.000000000000000000e+00
5.752950906753540039e-01,-1.679411768913269043e+00,-1.230052947998046875e+00,5.287421703338623047e+00,-1.754961133003234863e+00,3.887698650360107422e-01,-1.551466584205627441e+00,-1.163241863250732422e+00,3.000000000000000000e+00
-7.678849101066589355e-01,-8.416667580604553223e-01,-7.426465749740600586e-01,-1.231546759605407715e+00,-9.182400107383728027e-01,-5.989697575569152832e-01,-3.655375838279724121e-01,6.084604740142822266e+00,7.000000000000000000e+00
-5.555890798568725586e-01,-8.119129538536071777e-01,-1.078049659729003906e+00,-1.178282976150512695e+00,-6.351951956748962402e-01,-8.551927804946899414e-01,5.848582267761230469e+00,-7.999410033226013184e-01,6.000000000000000000e+00
5.602105259895324707e-01,-8.568245172500610352e-01,-1.831233203411102295e-01,-1.962330818176269531e+00,5.323284149169921875e+00,-2.578712701797485352e+00,-1.233662247657775879e+00,-2.036525964736938477e+00,4.000000000000000000e+00
-3.434382677078247070e-01,-9.653428196907043457e-01,-7.987155914306640625e-01,-1.507188677787780762e+00,-7.524407505989074707e-01,-1.507599830627441406e+00,6.436705112457275391e+00,-6.274653077125549316e-01,6.000000000000000000e+00
4.741154909133911133e-01,-1.473541021347045898e+00,-1.119678020477294922e+00,5.207828521728515625e+00,-1.728963017463684082e+00,3.229209184646606445e-01,-1.278091669082641602e+00,-1.306190133094787598e+00,3.000000000000000000e+00
-1.032143115997314453e+00,5.419012904167175293e-01,5.282669544219970703e+00,-1.168608784675598145e+00,-5.460035800933837891e-01,-2.330323219299316406e+00,-1.008899807929992676e+00,-1.602779746055603027e+00,2.000000000000000000e+00
-7.603594064712524414e-01,-5.574648380279541016e-01,-6.647447943687438965e-01,-1.015080690383911133e+00,-8.067129850387573242e-01,-6.794571280479431152e-01,-5.006865859031677246e-01,5.474858760833740234e+00,7.000000000000000000e+00
-6.132394075393676758e-01,-7.847620248794555664e-01,-1.002534985542297363e+00,-1.517706990242004395e+00,-6.441940069198608398e-01,-1.208426713943481445e+00,6.134182453155517578e+00,-7.775594592094421387e-01,6.000000000000000000e+00
-1.014554738998413086e+00,7.614327669143676758e-01,5.374840259552001953e+00,-1.401218056678771973e+00,-3.681541979312896729e-01,-2.521725893020629883e+00,-7.830581665039062500e-01,-1.891365170478820801e+00,2.000000000000000000e+00
-4.356629848480224609e-01,-9.551963806152343750e-01,-8.983834981918334961e-01,-1.552843093872070312e+00,-6.960856318473815918e-01,-1.525565743446350098e+00,6.455077648162841797e+00,-6.047090888023376465e-01,6.000000000000000000e+00
-1.488927602767944336e+00,5.559551239013671875e+00,1.006384968757629395e+00,-1.109619498252868652e+00,-4.769608378410339355e-01,-9.661292433738708496e-01,-9.746786355972290039e-01,-9.685083031654357910e-01,1.000000000000000000e+00
-3.331571817398071289e-01,-4.047730565071105957e-01,-2.307477295398712158e-01,-1.528480648994445801e+00,5.189385414123535156e+00,-1.991656780242919922e+00,-1.014189600944519043e+00,-1.410984873771667480e+00,4.000000000000000000e+00
5.389626979827880859e+00,-2.169575691223144531e+00,-1.590689182281494141e+00,4.861734509468078613e-01,-6.846590042114257812e-01,-7.594922184944152832e-01,-1.320030093193054199e+00,-2.378217220306396484e+00,0.000000000000000000e+00
-8.020155429840087891e-01,-7.415786981582641602e-01,-6.380892992019653320e-01,-1.057554483413696289e+00,-8.995571136474609375e-01,-5.767816901206970215e-01,-3.652845025062561035e-01,5.699895381927490234e+00,7.000000000000000000e+00
-1.714298129081726074e-01,-5.561447739601135254e-01,-1.992495894432067871e+00,1.357068300247192383e+00,-1.196566462516784668e+00,4.804553985595703125e+00,-1.250025033950805664e+00,-1.479324936866760254e+00,5.000000000000000000e+00
-7.166168689727783203e-01,-7.787150144577026367e-01,-5.248811244964599609e-01,-9.962761402130126953e-01,-9.793929457664489746e-01,-5.480093359947204590e-01,-4.723385572433471680e-01,5.460768222808837891e+00,7.000000000000000000e+00
5.346900224685668945e-01,-1.497419118881225586e+00,-1.096190571784973145e+00,5.085896492004394531e+00,-1.674314141273498535e+00,3.353829383850097656e-01,-1.283541440963745117e+00,-1.278305172920227051e+00,3.000000000000000000e+00
4.510701656341552734e+00,-1.307229995727539062e+00,-1.447985291481018066e+00,-9.030303955078125000e-01,-4.158984720706939697e-01,-4.996382594108581543e-01,-1.015401124954223633e+00,-1.940313220024108887e+00,0.000000000000000000e+00
-7.622517347335815430e-01,4.556195735931396484e-01,4.725731372833251953e+00,-9.694740772247314453e-01,-4.691497087478637695e-01,-2.040317535400390625e+00,-1.257547855377197266e+00,-1.277199387550354004e+00,2.000000000000000000e+00
-4.552999138832092285e-01,-9.339843988418579102e-01,-9.595453739166259766e-01,-1.538592934608459473e+00,-6.796131730079650879e-01,-1.477960348129272461e+00,6.399630546569824219e+00,-6.278746128082275391e-01,6.000000000000000000e+00
-5.365450978279113770e-01,-7.164125442504882812e-01,-1.885590076446533203e+00,9.154883623123168945e-01,-1.166765093803405762e+00,5.379467964172363281e+00,-1.107918858528137207e+00,-1.219955086708068848e+00,5.000000000000000000e+00
-1.331681847572326660e+00,5.542361259460449219e+00,8.996665477752685547e-01,-1.146868467330932617e+00,-5.757793188095092773e-01,-9.616852402687072754e-01,-1.090550303459167480e+00,-8.837638497352600098e-01,1.000000000000000000e+00
5.008550882339477539e-01,-1.652251005172729492e+00,-1.255449414253234863e+00,5.331990242004394531e+00,-1.778254866600036621e+00,4.169289469718933105e-01,-1.678449511528015137e+00,-1.202091336250305176e+00,3.000000000000000000e+00
-7.518996000289916992e-01,-1.005408644676208496e+00,-7.834204435348510742e-01,-1.350702047348022461e+00,-9.343702793121337891e-01,-5.050646662712097168e-01,-3.083439469337463379e-01,6.186766147613525391e+00,7.000000000000000000e+00
-3.615349233150482178e-01,-4.772630929946899414e-01,-2.322798669338226318e-01,-1.524849414825439453e+00,5.216348171234130859e+00,-2.038142204284667969e+00,-8.887894153594970703e-01,-1.632033705711364746e+00,4.000000000000000000e+00
-7.715300917625427246e-01,-9.501937627792358398e-01,-7.488969564437866211e-01,-1.289525032043457031e+00,-9.266052246093750000e-01,-5.552043318748474121e-01,-3.180517554283142090e-01,6.196653842926025391e+00,7.000000000000000000e+00
-1.457022905349731445e+00,5.557950973510742188e+00,9.996563196182250977e-01,-1.131377458572387695e+00,-4.955943226814270020e-01,-9.705603718757629395e-01,-9.514038562774658203e-01,-1.040160298347473145e+00,1.000000000000000000e+00
4.731987416744232178e-01,-1.581997871398925781e+00,-1.170308113098144531e+00,5.398341655731201172e+00,-1.841558575630187988e+00,4.329554438591003418e-01,-1.545943737030029297e+00,-1.221373677253723145e+00,3.000000000000000000e+00
4.296872913837432861e-01,-8.839432001113891602e-01,3.386865854263305664e-01,-1.374159097671508789e+00,4.479405403137207031e+00,-2.005997180938720703e+00,-1.230270743370056152e+00,-1.453081369400024414e+00,4.000000000000000000e+00
4.579692184925079346e-01,-1.397159814834594727e+00,-1.004522562026977539e+00,4.969588756561279297e+00,-1.660040020942687988e+00,3.160039186477661133e-01,-1.236040830612182617e+00,-1.234245896339416504e+00,3.000000000000000000e+00
5.415254116058349609e+00,-2.179138898849487305e+00,-1.601400256156921387e+00,4.886685907840728760e-01,-6.761494874954223633e-01,-7.478801608085632324e-01,-1.352674126625061035e+00,-2.342748880386352539e+00,0.000000000000000000e+00
-1.106749773025512695e+00,-9.826773405075073242e-01,-6.180691123008728027e-01,-9.631252288818359375e-01,-1.029163002967834473e+00,-2.748805880546569824e-01,-7.758453488349914551e-02,5.535961627960205078e+00,7.000000000000000000e+00
3.834242582321166992e+00,-1.439493536949157715e+00,-1.291148543357849121e+00,-1.001921653747558594e+00,1.409465223550796509e-01,-8.301308155059814453e-01,-5.514654517173767090e-01,-1.759958863258361816e+00,0.000000000000000000e+00
-1.385978579521179199e+00,5.510046958923339844e+00,1.446572542190551758e+00,-1.518431186676025391e+00,-5.394363999366760254e-01,-6.960980296134948730e-01,-6.894003152847290039e-01,-7.358557581901550293e-01,1.000000000000000000e+00
-5.840226411819458008e-01,-8.450506925582885742e-01,-1.086671829223632812e+00,-1.319221854209899902e+00,-6.062023639678955078e-01,-1.133631229400634766e+00,6.201926231384277344e+00,-5.631864070892333984e-01,6.000000000000000000e+00
-2.950970530509948730e-01,-7.694288492202758789e-01,-4.057810008525848389e-01,-1.192919969558715820e+00,4.522230625152587891e+00,-1.557577610015869141e+00,-4.203339815139770508e-01,-6.723797917366027832e-01,4.000000000000000000e+00
-1.497802257537841797e+00,5.463217735290527344e+00,9.817456007003784180e-01,-1.111950039863586426e+00,-4.402810335159301758e-01,-9.570186734199523926e-01,-8.969796895980834961e-01,-9.992962479591369629e-01,1.000000000000000000e+00
-1.458886981010437012e+00,5.571927547454833984e+00,9.692262411117553711e-01,-1.171778917312622070e+00,-5.044757723808288574e-01,-9.806135296821594238e-01,-9.834261536598205566e-01,-9.524762034416198730e-01,1.000000000000000000e+00
-1.541076779365539551e+00,5.613427162170410156e+00,1.245614767074584961e+00,-1.510326027870178223e+00,-5.145870447158813477e-01,-8.173285126686096191e-01,-6.336674690246582031e-01,-8.037003874778747559e-01,1.000000000000000000e+00
1.395063847303390503e-02,-6.006398797035217285e-01,-2.634442448616027832e-01,-1.791362643241882324e+00,5.616903305053710938e+00,-2.392052173614501953e+00,-1.204700469970703125e+00,-1.740397572517395020e+00,4.000000000000000000e+00
4.906033575534820557e-01,-1.412092208862304688e+00,-1.007154941558837891e+00,5.013371944427490234e+00,-1.683599829673767090e+00,3.133014440536499023e-01,-1.280535459518432617e+00,-1.221689105033874512e+00,3.000000000000000000e+00
-7.686045169830322266e-01,-7.334002256393432617e-01,-7.098672986030578613e-01,-1.141192913055419922e+00,-8.628677129745483398e-01,-6.366069912910461426e-01,-4.132418632507324219e-01,5.908079147338867188e+00,7.000000000000000000e+00
5.305892467498779297e+00,-2.114924430847167969e+00,-1.560422420501708984e+00,5.735983848571777344e-01,-7.069050073623657227e-01,-7.437164187431335449e-01,-1.336640715599060059e+00,-2.342097282409667969e+00,0.000000000000000000e+00
-9.835155010223388672e-01,3.713176250457763672e-01,5.351355075836181641e+00,-1.030650973320007324e+00,-5.027261376380920410e-01,-2.283138990402221680e+00,-1.074084639549255371e+00,-1.387066721916198730e+00,2.000000000000000000e+00
-6.112611293792724609e-01,-7.706792354583740234e-01,-1.041354060173034668e+00,-1.446725130081176758e+00,-6.346369981765747070e-01,-1.113415718078613281e+00,6.028362751007080078e+00,-7.840986847877502441e-01,6.000000000000000000e+00
9.360226988792419434e-01,-9.757655858993530273e-01,-2.177227139472961426e-01,-1.868370294570922852e+00,4.938315391540527344e+00,-2.573945045471191406e+00,-1.356607794761657715e+00,-2.050616264343261719e+00,4.000000000000000000e+00
4.969410598278045654e-01,-1.611187934875488281e+00,-1.201519250869750977e+00,5.398843288421630859e+00,-1.838861107826232910e+00,4.379599094390869141e-01,-1.574607133865356445e+00,-1.211043715476989746e+00,3.000000000000000000e+00
-2.078781127929687500e-01,-3.671185076236724854e-01,-2.180694341659545898e-01,-1.525517225265502930e+00,5.272081851959228516e+00,-2.005640268325805664e+00,-1.186044692993164062e+00,-1.193433284759521484e+00,4.000000000000000000e+00
-3.708702921867370605e-01,-6.343654990196228027e-01,-4.420610368251800537e-01,-1.313613295555114746e+00,4.875843048095703125e+00,-1.682224750518798828e+00,-6.124327182769775391e-01,-1.072396397590637207e+00,4.000000000000000000e+00
2.967188835144042969e+00,-1.472929954528808594e+00,-1.309370040893554688e+00,-1.720414400100708008e+00,1.253679394721984863e+00,-1.439565181732177734e+00,4.537676572799682617e-01,-1.760302543640136719e+00,0.000000000000000000e+00
-5.331525802612304688e-01,-7.095988392829895020e-01,-1.798546910285949707e+00,9.200763702392578125e-01,-1.209581971168518066e+00,5.330938816070556641e+00,-1.058995366096496582e+00,-1.134685754776000977e+00,5.000000000000000000e+00
-8.692378401756286621e-01,4.793770015239715576e-01,5.050193309783935547e+00,-8.558663129806518555e-01,-6.342957019805908203e-01,-1.982531070709228516e+00,-1.312039732933044434e+00,-1.514488577842712402e+00,2.000000000000000000e+00
5.018603801727294922e-01,-1.127767086029052734e+00,-7.888056039810180664e-01,4.148689270019531250e+00,-1.194565653800964355e+00,4.541215896606445312e-01,-9.244352579116821289e-01,-1.337370038032531738e+00,3.000000000000000000e+00
4.987707614898681641e+00,-1.953344821929931641e+00,-1.456105709075927734e+00,1.090667769312858582e-01,-5.628100633621215820e-01,-7.260605096817016602e-01,-1.122907280921936035e+00,-2.239418029785156250e+00,0.000000000000000000e+00
-7.950022220611572266e-01,-1.211208105087280273e+00,-4.767718017101287842e-01,-1.101405024528503418e+00,-1.028408169746398926e+00,-4.633809924125671387e-01,-4.629522562026977539e-01,5.821454048156738281e+00,6.000000000000000000e+00
3.319139003753662109e+00,-1.017911672592163086e+00,-1.026062369346618652e+00,-8.054187297821044922e-01,-7.581753283739089966e-02,-8.871976733207702637e-01,-7.330257892608642578e-01,-1.288693904876708984e+00,0.000000000000000000e+00
-4.721153974533081055e-01,-9.206138849258422852e-01,-8.507595062255859375e-01,-1.515896081924438477e+00,-7.054525613784790039e-01,-1.459569931030273438e+00,6.469579219818115234e+00,-5.837775468826293945e-01,6.000000000000000000e+00
-1.592584609985351562e+00,5.616814613342285156e+00,1.215404748916625977e+00,-1.516801834106445312e+00,-4.919838309288024902e-01,-9.462353587150573730e-01,-6.116165518760681152e-01,-9.245548844337463379e-01,1.000000000000000000e+00
-1.375487446784973145e+00,5.593115806579589844e+00,9.909029006958007812e-01,-1.131988525390625000e+00,-4.699293673038482666e-01,-1.029766201972961426e+00,-1.121444821357727051e+00,-8.587067723274230957e-01,1.000000000000000000e+00
-1.390652179718017578e+00,5.609223365783691406e+00,9.365679025650024414e-01,-1.221775889396667480e+00,-5.443369746208190918e-01,-9.661977887153625488e-01,-1.037813067436218262e+00,-8.829721212387084961e-01,1.000000000000000000e+00
-1.298821926116943359e+00,5.247598171234130859e+00,1.118133425712585449e+00,-1.037370204925537109e+00,-6.923598051071166992e-01,-8.477084040641784668e-01,-1.098113656044006348e+00,-8.424409031867980957e-01,1.000000000000000000e+00
-2.664119005203247070e-01,-1.042330503463745117e+00,-8.123083710670471191e-01,-1.555163741111755371e+00,-7.507041692733764648e-01,-1.696634531021118164e+00,6.404545783996582031e+00,-6.650984883308410645e-01,6.000000000000000000e+00
-8.688131570816040039e-01,-5.903308391571044922e-01,-1.314605355262756348e+00,6.813036799430847168e-01,-1.033758401870727539e+00,4.599420547485351562e+00,-7.131507992744445801e-01,-9.514274001121520996e-01,5.000000000000000000e+00
-1.459889650344848633e+00,5.534996986389160156e+00,9.813081026077270508e-01,-1.159739971160888672e+00,-4.942214488983154297e-01,-9.724974036216735840e-01,-9.194679260253906250e-01,-1.041332244873046875e+00,1.000000000000000000e+00
-1.013689398765563965e+00,5.370040535926818848e-01,5.232333660125732422e+00,-1.133063077926635742e+00,-5.571993589401245117e-01,-2.279129743576049805e+00,-1.048500180244445801e+00,-1.629794716835021973e+00,2.000000000000000000e+00
4.325355887413024902e-01,-1.539547920227050781e+00,-1.104147434234619141e+00,5.209256649017333984e+00,-1.722529530525207520e+00,3.477776050567626953e-01,-1.468039393424987793e+00,-1.220161080360412598e+00,3.000000000000000000e+00
-8.263526558876037598e-01,-2.979177832603454590e-01,-2.611825466156005859e-01,-4.181957840919494629e-01,-1.104213595390319824e+00,-4.623830914497375488e-01,-5.891274809837341309e-01,4.016884803771972656e+00,7.000000000000000000e+00
5.007901668548583984e+00,-1.943099498748779297e+00,-1.141647338867187500e+00,5.645014047622680664e-01,-3.608073294162750244e-01,-1.162228107452392578e+00,-1.578980445861816406e+00,-2.197677135467529297e+00,0.000000000000000000e+00
5.502689480781555176e-01,-1.673865318298339844e+00,-1.231211304664611816e+00,5.319272994995117188e+00,-1.758846879005432129e+00,3.914708495140075684e-01,-1.596924781799316406e+00,-1.145502090454101562e+00,3.000000000000000000e+00
2.977690100669860840e-01,-1.216208219528198242e+00,-8.152281641960144043e-01,4.657174587249755859e+00,-1.632060647010803223e+00,9.938333928585052490e-02,-1.184656143188476562e+00,-1.030066013336181641e+00,3.000000000000000000e+00
-2.255178391933441162e-01,-4.108555912971496582e-01,-1.863536834716796875e-01,-1.556096792221069336e+00,5.282430648803710938e+00,-2.023601770401000977e+00,-1.160404562950134277e+00,-1.236078143119812012e+00,4.000000000000000000e+00
5.114495158195495605e-01,-1.614222645759582520e+00,-1.185308456420898438e+00,5.298925399780273438e+00,-1.766826391220092773e+00,4.000479578971862793e-01,-1.553630948066711426e+00,-1.204494595527648926e+00,3.000000000000000000e+00
-1.097587466239929199e+00,-1.007367968559265137e+00,-5.488341450691223145e-01,-9.476642608642578125e-01,-1.063152313232421875e+00,-3.010607361793518066e-01,-9.120285511016845703e-02,5.537412166595458984e+00,7.000000000000000000e+00
4.932737350463867188e-01,-1.677263975143432617e+00,-1.266299247741699219e+00,5.475299835205078125e+00,-1.834997773170471191e+00,4.180030822753906250e-01,-1.729999661445617676e+00,-1.156666398048400879e+00,3.000000000000000000e+00
1.688449859619140625e+00,-1.145913004875183105e+00,-3.485853374004364014e-01,-1.586135387420654297e+00,4.189146995544433594e+00,-2.374735832214355469e+00,-1.685382485389709473e+00,-2.224495410919189453e+00,4.000000000000000000e+00
-9.702100753784179688e-01,4.280011951923370361e-01,5.174166202545166016e+00,-1.044382095336914062e+00,-5.386300086975097656e-01,-2.182891607284545898e+00,-1.105224609375000000e+00,-1.424404859542846680e+00,2.000000000000000000e+00
5.176647663116455078e+00,-1.977170228958129883e+00,-1.469035506248474121e+00,3.474508970975875854e-02,-4.438583850860595703e-01,-7.393131852149963379e-01,-1.331682085990905762e+00,-2.213510036468505859e+00,0.000000000000000000e+00
-4.726096987724304199e-01,-1.113332748413085938e+00,-8.201713562011718750e-01,-1.451678752899169922e+00,-9.471578598022460938e-01,-6.440839767456054688e-01,-3.681403398513793945e-01,5.894267082214355469e+00,7.000000000000000000e+00
-7.513948678970336914e-01,-1.005174398422241211e+00,-7.077142000198364258e-01,-1.236791729927062988e+00,-9.203368425369262695e-01,-4.974089264869689941e-01,-2.827481627464294434e-01,5.882940292358398438e+00,7.000000000000000000e+00
-9.538369178771972656e-01,4.362983107566833496e-01,5.527192592620849609e+00,-1.026089429855346680e+00,-5.920112133026123047e-01,-2.388984441757202148e+00,-8.093329668045043945e-01,-1.446038007736206055e+00,2.000000000000000000e+00
-5.398119688034057617e-01,-8.149850368499755859e-01,-1.117220163345336914e+00,-1.118814110755920410e+00,-6.004337668418884277e-01,-8.233929276466369629e-01,5.693813323974609375e+00,-7.822090983390808105e-01,6.000000000000000000e+00
-5.567733049392700195e-01,-8.598009347915649414e-01,-1.139195561408996582e+00,-1.064394712448120117e+00,-5.602412819862365723e-01,-7.963227629661560059e-01,5.614253997802734375e+00,-7.133964896202087402e-01,6.000000000000000000e+00
-7.821086645126342773e-01,-8.657062053680419922e-01,-6.888173222541809082e-01,-1.192091703414916992e+00,-9.348157644271850586e-01,-6.033455729484558105e-01,-3.659866452217102051e-01,6.130819320678710938e+00,7.000000000000000000e+00
4.918807148933410645e-01,-1.665285468101501465e+00,-1.269887804985046387e+00,5.457503795623779297e+00,-1.822856783866882324e+00,4.248020052909851074e-01,-1.720191001892089844e+00,-1.166583895683288574e+00,3.000000000000000000e+00
-3.592607378959655762e-01,-9.464384317398071289e-01,-8.454968333244323730e-01,-1.454069972038269043e+00,-7.491719126701354980e-01,-1.417519092559814453e+00,6.331141948699951172e+00,-6.025787591934204102e-01,6.000000000000000000e+00
5.329780101776123047e+00,-2.127577304840087891e+00,-1.574902176856994629e+00,4.152796864509582520e-01,-6.275041103363037109e-01,-7.524229288101196289e-01,-1.300472021102905273e+00,-2.343998432159423828e+00,0.000000000000000000e+00
9.728381037712097168e-01,-1.027145624160766602e+00,-1.848518550395965576e-01,-1.832246780395507812e+00,4.943205833435058594e+00,-2.679267883300781250e+00,-1.359833121299743652e+00,-2.116596221923828125e+00,4.000000000000000000e+00
-9.558315873146057129e-01,4.619199633598327637e-01,5.519241809844970703e+00,-1.016508698463439941e+00,-5.827845335006713867e-01,-2.389307737350463867e+00,-7.153414487838745117e-01,-1.430291771888732910e+00,2.000000000000000000e+00
4.874589443206787109e+00,-2.016177415847778320e+00,-1.481398463249206543e+00,-1.918431520462036133e-01,-4.814413189888000488e-01,-5.046622753143310547e-01,-1.176160931587219238e+00,-1.993779301643371582e+00,0.000000000000000000e+00
4.690917491912841797e+00,-1.619895696640014648e+00,-1.437965035438537598e+00,-6.692768335342407227e-01,-5.152603983879089355e-01,-4.670354723930358887e-01,-9.427644610404968262e-01,-2.020722866058349609e+00,0.000000000000000000e+00
-7.383341193199157715e-01,-6.365587711334228516e-01,-1.377419114112854004e+00,6.650326848030090332e-01,-1.036888837814331055e+00,4.683945655822753906e+00,-7.489135265350341797e-01,-9.687353968620300293e-01,5.000000000000000000e+00
-7.367295026779174805e-01,-7.123439311981201172e-01,-6.756556630134582520e-01,-1.107503414154052734e+00,-8.876883983612060547e-01,-6.333248019218444824e-01,-4.364773631095886230e-01,5.750866413116455078e+00,7.000000000000000000e+00
-1.434594869613647461e+00,5.615503311157226562e+00,1.130873918533325195e+00,-1.137825012207031250e+00,-4.976822733879089355e-01,-9.045661091804504395e-01,-1.090746045112609863e+00,-8.763973116874694824e-01,1.000000000000000000e+00
-8.578446507453918457e-01,-9.450280666351318359e-01,-7.479537725448608398e-01,-1.239279508590698242e+00,-9.408813714981079102e-01,-4.766819477081298828e-01,-2.618967294692993164e-01,6.120863437652587891e+00,7.000000000000000000e+00
-5.532823503017425537e-02,-9.754674434661865234e-01,-8.530033826828002930e-01,-1.653462648391723633e+00,-6.934062242507934570e-01,-1.601465344429016113e+00,5.926793575286865234e+00,-8.048556447029113770e-01,6.000000000000000000e+00
-4.903413057327270508e-01,-7.263506054878234863e-01,-1.811259865760803223e+00,7.957184314727783203e-01,-1.198009848594665527e+00,5.315611839294433594e+00,-1.097298145294189453e+00,-1.098382830619812012e+00,5.000000000000000000e+00
-3.589200675487518311e-01,-6.549608111381530762e-01,-1.604066252708435059e+00,5.353508591651916504e-01,-9.910570383071899414e-01,4.739115715026855469e+00,-9.490934610366821289e-01,-8.249441981315612793e-01,5.000000000000000000e+00
-1.027981281280517578e+00,6.275218725204467773e-01,5.037794589996337891e+00,-1.187359809875488281e+00,-4.243530631065368652e-01,-2.244134426116943359e+00,-1.097493052482604980e+00,-1.798936486244201660e+00,2.000000000000000000e+00
-4.790878295898437500e-01,-9.483105540275573730e-01,-9.862077236175537109e-01,-1.614667773246765137e+00,-6.094148159027099609e-01,-1.566732883453369141e+00,6.486315727233886719e+00,-7.049146294593811035e-01,6.000000000000000000e+00
6.207925677299499512e-01,-1.641335606575012207e+00,-1.201048254966735840e+00,5.131963253021240234e+00,-1.695703387260437012e+00,3.748673796653747559e-01,-1.429802894592285156e+00,-1.220439553260803223e+00,3.000000000000000000e+00
6.071077585220336914e-01,-1.122189998626708984e+00,-7.332889437675476074e-01,4.035052299499511719e+00,-1.262802004814147949e+00,4.439646601676940918e-01,-1.046123623847961426e+00,-1.393511176109313965e+00,3.000000000000000000e+00
-5.662097930908203125e-01,-7.533320188522338867e-01,-1.086546421051025391e+00,-1.222530603408813477e+00,-6.409761905670166016e-01,-9.117248654365539551e-01,5.853250026702880859e+00,-6.967545747756958008e-01,6.000000000000000000e+00
7.486497610807418823e-02,-6.082283854484558105e-01,-2.723118960857391357e-01,-1.775621771812438965e+00,5.605378150939941406e+00,-2.425729513168334961e+00,-1.243645429611206055e+00,-1.737426877021789551e+00,4.000000000000000000e+00
-1.058114767074584961e+00,5.769315958023071289e-01,5.438084125518798828e+00,-1.246665120124816895e+00,-5.181227922439575195e-01,-2.463979244232177734e+00,-8.979963660240173340e-01,-1.652740001678466797e+00,2.000000000000000000e+00
-3.859952986240386963e-01,-1.002547621726989746e+00,-9.231442213058471680e-01,-1.595387697219848633e+00,-6.694759130477905273e-01,-1.618041992187500000e+00,6.510861396789550781e+00,-6.941615939140319824e-01,6.000000000000000000e+00
7.690453529357910156e-01,1.373445093631744385e-01,-2.484611570835113525e-01,1.803756713867187500e+00,-7.077690362930297852e-01,7.663980126380920410e-02,-1.157613873481750488e+00,-2.987433671951293945e-01,0.000000000000000000e+00
4.976213932037353516e+00,-1.740337371826171875e+00,-1.428791999816894531e+00,-3.229849040508270264e-01,-5.961170196533203125e-01,-6.722362637519836426e-01,-1.141935706138610840e+00,-2.225236415863037109e+00,0.000000000000000000e+00
-1.070420980453491211e+00,6.358472704887390137e-01,5.395745754241943359e+00,-1.363524436950683594e+00,-4.474289715290069580e-01,-2.509147405624389648e+00,-8.112522959709167480e-01,-1.729609966278076172e+00,2.000000000000000000e+00
4.959134101867675781e+00,-1.868774890899658203e+00,-1.373057842254638672e+00,-2.274823188781738281e-01,-3.233527541160583496e-01,-6.608715057373046875e-01,-1.268802762031555176e+00,-2.047798871994018555e+00,0.000000000000000000e+00
-7.208833694458007812e-01,-7.687175273895263672e-01,-6.975187659263610840e-01,-1.164777278900146484e+00,-8.502709269523620605e-01,-6.615234017372131348e-01,-4.466421604156494141e-01,5.938711643218994141e+00,7.000000000000000000e+00
-8.818101286888122559e-01,3.822907209396362305e-01,5.126639366149902344e+00,-9.830539226531982422e-01,-6.441617012023925781e-01,-2.105113506317138672e+00,-1.137025833129882812e+00,-1.349582552909851074e+00,2.000000000000000000e+00
-9.432486891746520996e-01,4.656273722648620605e-01,5.102025508880615234e+00,-1.015127658843994141e+00,-5.835536122322082520e-01,-2.119000196456909180e+00,-1.176790237426757812e+00,-1.433985352516174316e+00,2.000000000000000000e+00
1.409130990505218506e-01,-9.060409069061279297e-01,-5.971909761428833008e-01,4.134227275848388672e+00,-1.697834134101867676e+00,5.003044605255126953e-01,-8.158881068229675293e-01,-1.019840836524963379e+00,5.000000000000000000e+00
-1.445200324058532715e+00,5.661883354187011719e+00,1.136034369468688965e+00,-1.156711339950561523e+00,-5.276170372962951660e-01,-9.145556092262268066e-01,-1.061498045921325684e+00,-9.247531294822692871e-01,1.000000000000000000e+00
1.658239126205444336e+00,-7.106054425239562988e-01,-2.814248800277709961e-01,-1.587345123291015625e+00,3.990830898284912109e+00,-2.150335550308227539e+00,-1.843973994255065918e+00,-2.129969596862792969e+00,4.000000000000000000e+00
-3.882587850093841553e-01,-1.062212824821472168e+00,-8.701393604278564453e-01,-1.778358221054077148e+00,-6.399755477905273438e-01,-1.892214536666870117e+00,6.521458625793457031e+00,-7.244116663932800293e-01,6.000000000000000000e+00
4.831797122955322266e+00,-1.859734177589416504e+00,-1.327623009681701660e+00,1.713407486677169800e-01,-2.803554236888885498e-01,-8.125144839286804199e-01,-1.364342570304870605e+00,-2.117001056671142578e+00,0.000000000000000000e+00
5.083389282226562500e-01,-1.585823059082031250e+00,-1.168899416923522949e+00,5.278528213500976562e+00,-1.774252295494079590e+00,3.931859135627746582e-01,-1.511037468910217285e+00,-1.204522848129272461e+00,3.000000000000000000e+00
-4.903571605682373047e-01,-7.114491462707519531e-01,-1.768391489982604980e+00,7.943114042282104492e-01,-1.220017552375793457e+00,5.289582729339599609e+00,-1.073544025421142578e+00,-1.072664618492126465e+00,5.000000000000000000e+00
-1.458487153053283691e+00,5.456114768981933594e+00,9.167619943618774414e-01,-1.078698754310607910e+00,-4.745058417320251465e-01,-9.678400158882141113e-01,-9.391225576400756836e-01,-1.010239958763122559e+00,1.000000000000000000e+00
4.400677680969238281e+00,-1.967712879180908203e+00,-1.208883643150329590e+00,-1.791256964206695557e-01,5.494918227195739746e-01,-1.179726123809814453e+00,-1.398633837699890137e+00,-1.915423870086669922e+00,4.000000000000000000e+00
-5.836921930313110352e-01,-8.075791597366333008e-01,-9.769003987312316895e-01,-1.519863486289978027e+00,-6.623812317848205566e-01,-1.243949174880981445e+00,6.208105087280273438e+00,-7.736768722534179688e-01,6.000000000000000000e+00
5.114448070526123047e-01,-1.571608543395996094e+00,-1.152702927589416504e+00,5.225778102874755859e+00,-1.724421381950378418e+00,3.674063682556152344e-01,-1.453133583068847656e+00,-1.227118611335754395e+00,3.000000000000000000e+00
5.548174977302551270e-01,-1.571239233016967773e+00,-1.155769705772399902e+00,5.110540866851806641e+00,-1.675137519836425781e+00,3.559465408325195312e-01,-1.365623116493225098e+00,-1.249139070510864258e+00,3.000000000000000000e+00
5.136135220527648926e-01,-1.678452134132385254e+00,-1.264698505401611328e+00,5.438292026519775391e+00,-1.804453253746032715e+00,4.061970710754394531e-01,-1.662267684936523438e+00,-1.147763609886169434e+00,3.000000000000000000e+00
-1.076639771461486816e+00,5.868453979492187500e-01,5.442525386810302734e+00,-1.295783400535583496e+00,-5.704416036605834961e-01,-2.465220451354980469e+00,-8.527678847312927246e-01,-1.653879523277282715e+00,2.000000000000000000e+00
-5.207746624946594238e-01,-7.329733967781066895e-01,-1.834588885307312012e+00,7.994691133499145508e-01,-1.145934224128723145e+00,5.336500167846679688e+00,-1.100084066390991211e+00,-1.166343927383422852e+00,5.000000000000000000e+00
-1.471685171127319336e+00,5.420600414276123047e+00,1.436730504035949707e+00,-1.617511987686157227e+00,-4.241726100444793701e-01,-7.290158867835998535e-01,-6.917698383331298828e-01,-5.620990395545959473e-01,1.000000000000000000e+00
-1.001664161682128906e+00,4.705359339714050293e-01,5.427946090698242188e+00,-1.082194089889526367e+00,-5.565468072891235352e-01,-2.352940082550048828e+00,-9.580277204513549805e-01,-1.457188963890075684e+00,2.000000000000000000e+00
-9.432255029678344727e-01,4.086744189262390137e-01,5.273555755615234375e+00,-1.004206895828247070e+00,-5.757539272308349609e-01,-2.219256162643432617e+00,-1.091982364654541016e+00,-1.435909986495971680e+00,2.000000000000000000e+00
-7.815839648246765137e-01,-7.773207426071166992e-01,-6.984541416168212891e-01,-1.162174701690673828e+00,-9.077035188674926758e-01,-6.252427697181701660e-01,-3.854779005050659180e-01,6.061418056488037109e+00,7.000000000000000000e+00
-4.429099708795547485e-02,-4.976080656051635742e-01,-2.439810037612915039e-01,-1.737624049186706543e+00,5.504884719848632812e+00,-2.246068954467773438e+00,-1.165936946868896484e+00,-1.527098536491394043e+00,4.000000000000000000e+00
-5.787228941917419434e-01,-7.008773088455200195e-01,-1.772708058357238770e+00,9.143511652946472168e-01,-1.219930648803710938e+00,5.320848464965820312e+00,-1.035594701766967773e+00,-1.174575090408325195e+00,5.000000000000000000e+00
5.342293262481689453e+00,-2.080123186111450195e+00,-1.499923586845397949e+00,4.989240169525146484e-01,-6.525478363037109375e-01,-7.937383651733398438e-01,-1.316331744194030762e+00,-2.381664276123046875e+00,0.000000000000000000e+00
-8.590813875198364258e-01,-5.724918842315673828e-01,-1.834679603576660156e+00,1.179906964302062988e+00,-1.244170665740966797e+00,5.076763153076171875e+00,-1.113523840904235840e+00,-1.089333415031433105e+00,5.000000000000000000e+00
1.742567121982574463e-01,-6.397825479507446289e-01,-1.964112520217895508e-01,-1.627145528793334961e+00,5.377761363983154297e+00,-2.220481157302856445e+00,-1.240585207939147949e+00,-1.412435650825500488e+00,4.000000000000000000e+00
-6.899359077215194702e-02,-6.613651514053344727e-01,-2.669272124767303467e-01,-1.803982019424438477e+00,5.547449111938476562e+00,-2.351040840148925781e+00,-1.002749562263488770e+00,-1.847364544868469238e+00,4.000000000000000000e+00
1.752212643623352051e-01,-7.503442764282226562e-01,-4.932906478643417358e-02,-1.542987823486328125e+00,5.177669525146484375e+00,-2.148347854614257812e+00,-1.194647431373596191e+00,-1.403369069099426270e+00,4.000000000000000000e+00
-5.710541009902954102e-01,-8.073770999908447266e-01,-1.035425543785095215e+00,-1.264007806777954102e+00,-6.579339504241943359e-01,-9.308549761772155762e-01,6.017831325531005859e+00,-8.022429347038269043e-01,6.000000000000000000e+00
4.410676658153533936e-01,-1.596402406692504883e+00,-1.175370454788208008e+00,5.392304897308349609e+00,-1.770713686943054199e+00,3.753647208213806152e-01,-1.521436095237731934e+00,-1.251981377601623535e+00,3.000000000000000000e+00
-7.558407187461853027e-01,-9.140750169754028320e-01,-6.908713579177856445e-01,-1.228539943695068359e+00,-9.249134063720703125e-01,-5.932427048683166504e-01,-3.524864315986633301e-01,6.128337383270263672e+00,7.000000000000000000e+00
-5.526764392852783203e-01,-6.952589750289916992e-01,-1.710608124732971191e+00,7.314607501029968262e-01,-1.098403692245483398e+00,5.144418716430664062e+00,-1.006774187088012695e+00,-1.096221804618835449e+00,5.000000000000000000e+00
-6.142953634262084961e-01,-9.841128587722778320e-01,-7.794692516326904297e-01,-1.370965957641601562e+00,-9.165112972259521484e-01,-6.374536156654357910e-01,-4.207808971405029297e-01,6.140555858612060547e+00,5.000000000000000000e+00
-5.778272747993469238e-01,-7.052068114280700684e-01,-1.677874088287353516e+00,7.035580873489379883e-01,-1.096233844757080078e+00,5.140975952148437500e+00,-9.721482396125793457e-01,-1.124581813812255859e+00,5.000000000000000000e+00
-2.309367358684539795e-01,-1.019312024116516113e+00,-7.401548624038696289e-01,-1.521943211555480957e+00,-7.668929696083068848e-01,-1.592323303222656250e+00,6.400905609130859375e+00,-7.149112820625305176e-01,6.000000000000000000e+00
7.178605198860168457e-01,-8.747822046279907227e-01,-1.662711501121520996e-01,-1.937666416168212891e+00,5.116908550262451172e+00,-2.624326229095458984e+00,-1.220504760742187500e+00,-2.031607389450073242e+00,4.000000000000000000e+00
6.095353960990905762e-01,-1.630423069000244141e+00,-1.222118377685546875e+00,5.195969104766845703e+00,-1.759570002555847168e+00,4.201313853263854980e-01,-1.534777522087097168e+00,-1.157068133354187012e+00,3.000000000000000000e+00
1.987202465534210205e-01,-7.551492452621459961e-01,-2.570246756076812744e-01,-1.808595418930053711e+00,5.487505912780761719e+00,-2.449316024780273438e+00,-1.184668421745300293e+00,-1.862328648567199707e+00,4.000000000000000000e+00
-7.241741418838500977e-01,-6.668639779090881348e-01,-1.557848215103149414e+00,8.166400194168090820e-01,-1.105079293251037598e+00,5.039811134338378906e+00,-8.792788982391357422e-01,-1.124924659729003906e+00,5.000000000000000000e+00
-4.737451672554016113e-01,-7.222405076026916504e-01,-1.795625209808349609e+00,7.808541059494018555e-01,-1.203802466392517090e+00,5.300212383270263672e+00,-1.095993876457214355e+00,-1.071155548095703125e+00,5.000000000000000000e+00
4.913113117218017578e+00,-1.668429613113403320e+00,-1.464425802230834961e+00,-6.403775215148925781e-01,-4.906595349311828613e-01,-6.339920163154602051e-01,-1.075170159339904785e+00,-2.081933498382568359e+00,0.000000000000000000e+00
4.906922280788421631e-01,-1.610092401504516602e+00,-1.200231671333312988e+00,5.407282352447509766e+00,-1.833496093750000000e+00,4.307475090026855469e-01,-1.567654132843017578e+00,-1.215075850486755371e+00,3.000000000000000000e+00
-8.992916345596313477e-01,5.264167785644531250e-01,5.203926563262939453e+00,-8.989125490188598633e-01,-5.758154392242431641e-01,-2.155018568038940430e+00,-1.218430161476135254e+00,-1.557734966278076172e+00,2.000000000000000000e+00
-1.084926724433898926e+00,6.092240214347839355e-01,5.430989742279052734e+00,-1.338006019592285156e+00,-5.522477030754089355e-01,-2.481958866119384766e+00,-8.201711177825927734e-01,-1.666870355606079102e+00,2.000000000000000000e+00
5.285827636718750000e+00,-2.127932071685791016e+00,-1.587378621101379395e+00,2.201535701751708984e-01,-6.664083003997802734e-01,-6.211527585983276367e-01,-1.186187386512756348e+00,-2.295611858367919922e+00,0.000000000000000000e+00
4.899410307407379150e-01,-1.603520631790161133e+00,-1.190802097320556641e+00,5.288918018341064453e+00,-1.734969139099121094e+00,3.742319941520690918e-01,-1.503655433654785156e+00,-1.232843041419982910e+00,3.000000000000000000e+00
-5.770478248596191406e-01,-6.672561168670654297e-01,-1.623564839363098145e+00,7.875726819038391113e-01,-1.115651965141296387e+00,5.004813194274902344e+00,-9.094381332397460938e-01,-1.040510177612304688e+00,5.000000000000000000e+00
-1.448659658432006836e+00,5.586001396179199219e+00,1.090373516082763672e+00,-1.281650543212890625e+00,-3.927323520183563232e-01,-9.817546010017395020e-01,-1.052548050880432129e+00,-7.411448955535888672e-01,1.000000000000000000e+00
-1.011398911476135254e+00,5.011081695556640625e-01,5.219245433807373047e+00,-1.126235127449035645e+00,-5.557320117950439453e-01,-2.260738849639892578e+00,-1.051749944686889648e+00,-1.563560128211975098e+00,2.000000000000000000e+00
-4.316285848617553711e-01,-1.011898875236511230e+00,-9.380130767822265625e-01,-1.678193807601928711e+00,-6.246672868728637695e-01,-1.722550868988037109e+00,6.580911636352539062e+00,-7.128675580024719238e-01,6.000000000000000000e+00
-1.340375781059265137e+00,5.536052703857421875e+00,8.975742459297180176e-01,-1.149370670318603516e+00,-5.707609057426452637e-01,-9.481061100959777832e-01,-1.095412969589233398e+00,-8.293755650520324707e-01,1.000000000000000000e+00
-3.883460909128189087e-02,-5.808626413345336914e-01,-2.580852806568145752e-01,-1.795520544052124023e+00,5.573606967926025391e+00,-2.343255281448364258e+00,-1.103387951850891113e+00,-1.775098204612731934e+00,4.000000000000000000e+00
-7.024745941162109375e-01,-6.774017810821533203e-01,-1.617278456687927246e+00,8.247396945953369141e-01,-1.077727437019348145e+00,5.077221870422363281e+00,-8.742693066596984863e-01,-1.176849126815795898e+00,5.000000000000000000e+00
-1.460790038108825684e+00,5.674198627471923828e+00,1.142678976058959961e+00,-1.188845634460449219e+00,-5.190731287002563477e-01,-9.063406586647033691e-01,-1.046020150184631348e+00,-9.082073569297790527e-01,1.000000000000000000e+00
9.723584353923797607e-02,-7.969900965690612793e-01,-1.601652801036834717e-01,-1.417300581932067871e+00,-8.682723045349121094e-01,-1.596536517143249512e+00,5.448264598846435547e+00,-8.600310683250427246e-01,6.000000000000000000e+00
-3.521760702133178711e-01,-4.513276219367980957e-01,-2.320531010627746582e-01,-1.524804115295410156e+00,5.209365844726562500e+00,-2.025891542434692383e+00,-9.261996746063232422e-01,-1.581659197807312012e+00,4.000000000000000000e+00
-7.683651447296142578e-01,-6.575341224670410156e-01,-1.516810536384582520e+00,8.119575977325439453e-01,-1.085158228874206543e+00,4.986201763153076172e+00,-8.449904918670654297e-01,-1.122208952903747559e+00,5.000000000000000000e+00
-6.195590645074844360e-02,-5.587215423583984375e-01,-2.670332789421081543e-01,-1.748358607292175293e+00,5.599618911743164062e+00,-2.353332042694091797e+00,-1.188220858573913574e+00,-1.707380414009094238e+00,4.000000000000000000e+00
-8.203087449073791504e-01,-8.543099164962768555e-01,-8.018416166305541992e-02,-4.245177805423736572e-01,-1.425364971160888672e+00,-2.492470592260360718e-01,-6.662207841873168945e-01,4.488221645355224609e+00,7.000000000000000000e+00
-2.069871425628662109e-01,-3.489745557308197021e-01,-2.093410491943359375e-01,-1.484041452407836914e+00,5.213887214660644531e+00,-1.956591129302978516e+00,-1.175018787384033203e+00,-1.119649648666381836e+00,4.000000000000000000e+00
-1.563758492469787598e+00,5.638914108276367188e+00,1.081350445747375488e+00,-1.394514322280883789e+00,-4.897283017635345459e-01,-9.691711068153381348e-01,-8.091157674789428711e-01,-9.142751097679138184e-01,1.000000000000000000e+00
-3.380587697029113770e-01,-9.774808287620544434e-01,-8.834552168846130371e-01,-1.824118614196777344e+00,-6.083332300186157227e-01,-1.765336275100708008e+00,6.328096866607666016e+00,-7.671396136283874512e-01,6.000000000000000000e+00
-4.664368033409118652e-01,-9.553649425506591797e-01,-9.783738255500793457e-01,-1.609229803085327148e+00,-6.300857067108154297e-01,-1.574704885482788086e+00,6.491823196411132812e+00,-7.040769457817077637e-01,6.000000000000000000e+00
-8.025932312011718750e-01,-7.778699994087219238e-01,-7.010173797607421875e-01,-1.162801980972290039e+00,-9.195034503936767578e-01,-6.180450320243835449e-01,-3.704515099525451660e-01,6.091976642608642578e+00,7.000000000000000000e+00
-5.823362469673156738e-01,-6.996246576309204102e-01,-1.704946160316467285e+00,7.563738822937011719e-01,-1.189090609550476074e+00,5.238920211791992188e+00,-1.012821078300476074e+00,-1.122182965278625488e+00,5.000000000000000000e+00
-7.665599584579467773e-01,-7.843265533447265625e-01,-7.215680480003356934e-01,-1.170245409011840820e+00,-8.761118650436401367e-01,-6.233375668525695801e-01,-3.801371455192565918e-01,5.994079589843750000e+00,7.000000000000000000e+00
-1.354974746704101562e+00,5.601810932159423828e+00,9.946329593658447266e-01,-1.116058588027954102e+00,-5.161023139953613281e-01,-9.616714119911193848e-01,-1.151121735572814941e+00,-8.744727969169616699e-01,1.000000000000000000e+00
-5.519065856933593750e-01,-8.507319688796997070e-01,-1.021966218948364258e+00,-1.523071169853210449e+00,-6.259012818336486816e-01,-1.348780870437622070e+00,6.347621917724609375e+00,-7.352181077003479004e-01,6.000000000000000000e+00
-1.449040651321411133e+00,5.668102264404296875e+00,1.127838253974914551e+00,-1.128950953483581543e+00,-5.423048734664916992e-01,-9.322380423545837402e-01,-1.062420010566711426e+00,-9.874106049537658691e-01,1.000000000000000000e+00
-2.733292281627655029e-01,-3.513864874839782715e-01,-2.053898274898529053e-01,-1.450757861137390137e+00,5.151471614837646484e+00,-1.910403132438659668e+00,-1.160328269004821777e+00,-1.102891087532043457e+00,4.000000000000000000e+00
-1.475367546081542969e+00,5.606600761413574219e+00,1.262966990470886230e+00,-1.223723173141479492e+00,-5.122515559196472168e-01,-8.364097476005554199e-01,-9.238300323486328125e-01,-1.011487007141113281e+00,1.000000000000000000e+00
4.902085781097412109e+00,-1.820202350616455078e+00,-1.382424235343933105e+00,-3.918557763099670410e-01,-5.295030474662780762e-01,-5.678803324699401855e-01,-1.045633673667907715e+00,-2.037568330764770508e+00,0.000000000000000000e+00
5.788988620042800903e-02,-6.078706383705139160e-01,-2.590829730033874512e-01,-1.846221685409545898e+00,5.553300857543945312e+00,-2.378509521484375000e+00,-1.115089535713195801e+00,-1.841541409492492676e+00,4.000000000000000000e+00
-2.678249180316925049e-01,-9.959008693695068359e-01,-8.461830615997314453e-01,-1.809589624404907227e+00,-6.172835230827331543e-01,-1.813960671424865723e+00,6.326630592346191406e+00,-8.379995226860046387e-01,6.000000000000000000e+00
-7.519352436065673828e-01,-8.998081684112548828e-01,-6.986610293388366699e-01,-1.233913421630859375e+00,-9.209244847297668457e-01,-5.903230905532836914e-01,-3.457999229431152344e-01,6.165729999542236328e+00,7.000000000000000000e+00
4.668765664100646973e-01,-8.139411807060241699e-01,-2.257550656795501709e-01,-1.638008356094360352e+00,5.291090011596679688e+00,-2.368777990341186523e+00,-1.297406792640686035e+00,-1.550518631935119629e+00,4.000000000000000000e+00
-1.470104932785034180e+00,5.601886272430419922e+00,1.349686264991760254e+00,-1.466599464416503906e+00,-5.268200635910034180e-01,-7.292067408561706543e-01,-7.331502437591552734e-01,-7.686772942543029785e-01,1.000000000000000000e+00
-8.220534324645996094e-01,-9.554117918014526367e-01,-7.373065948486328125e-01,-1.234604477882385254e+00,-9.262334108352661133e-01,-4.836813807487487793e-01,-2.634957432746887207e-01,6.006330013275146484e+00,7.000000000000000000e+00
-5.593403577804565430e-01,-4.556806981563568115e-01,-1.715348124504089355e+00,1.122951269149780273e+00,-1.162405967712402344e+00,4.921661376953125000e+00,-1.048899412155151367e+00,-1.418564081192016602e+00,5.000000000000000000e+00
-5.183684825897216797e-01,-6.795580387115478516e-01,-1.659082770347595215e+00,7.102907896041870117e-01,-1.107951641082763672e+00,5.045660018920898438e+00,-9.738306999206542969e-01,-1.023023366928100586e+00,5.000000000000000000e+00
-8.995335698127746582e-01,4.453905820846557617e-01,5.117978096008300781e+00,-1.018882751464843750e+00,-6.566861867904663086e-01,-2.120798110961914062e+00,-1.148266315460205078e+00,-1.473771572113037109e+00,2.000000000000000000e+00
4.396166205406188965e-01,-1.629706144332885742e+00,-1.206068277359008789e+00,5.516695499420166016e+00,-1.822179436683654785e+00,4.034587144851684570e-01,-1.599301099777221680e+00,-1.240831971168518066e+00,3.000000000000000000e+00
2.518607974052429199e-01,-7.328799962997436523e-01,-2.605725526809692383e-01,-1.812784194946289062e+00,5.538111209869384766e+00,-2.462306976318359375e+00,-1.269193053245544434e+00,-1.826326847076416016e+00,4.000000000000000000e+00
-8.467791080474853516e-01,-9.435710906982421875e-01,-7.321835756301879883e-01,-1.217315912246704102e+00,-9.372942447662353516e-01,-4.748163819313049316e-01,-2.609361410140991211e-01,6.019653797149658203e+00,7.000000000000000000e+00
4.311300516128540039e-01,-1.603798389434814453e+00,-1.165429115295410156e+00,5.477081775665283203e+00,-1.825860619544982910e+00,3.871849179267883301e-01,-1.545091032981872559e+00,-1.236439347267150879e+00,3.000000000000000000e+00
-1.103403791785240173e-01,-9.958353042602539062e-01,-4.478846192359924316e-01,-1.504831314086914062e+00,-8.374845385551452637e-01,-1.612487435340881348e+00,6.199601650238037109e+00,-7.720309495925903320e-01,6.000000000000000000e+00
6.238424777984619141e-01,-1.394477367401123047e+00,-1.039227604866027832e+00,4.824767589569091797e+00,-1.590966463088989258e+00,3.488246798515319824e-01,-1.175032377243041992e+00,-1.336945891380310059e+00,3.000000000000000000e+00
-5.872693657875061035e-01,-6.945354342460632324e-01,-1.723046898841857910e+00,7.786926031112670898e-01,-1.135573387145996094e+00,5.206480979919433594e+00,-9.904951453208923340e-01,-1.128718852996826172e+00,5.000000000000000000e+00
5.293375849723815918e-01,-1.592516660690307617e+00,-1.168417811393737793e+00,5.103130340576171875e+00,-1.650351881980895996e+00,3.513831496238708496e-01,-1.404698491096496582e+00,-1.206819415092468262e+00,3.000000000000000000e+00
4.486442089080810547e+00,-1.946735143661499023e+00,-1.060137987136840820e+00,-7.556716352701187134e-02,-1.835127025842666626e-01,-1.140055537223815918e+00,-9.839484691619873047e-01,-1.926954507827758789e+00,0.000000000000000000e+00
-1.006854295730590820e+00,4.966218769550323486e-01,5.302494525909423828e+00,-1.116237044334411621e+00,-5.761085748672485352e-01,-2.293864250183105469e+00,-1.017719507217407227e+00,-1.577294468879699707e+00,2.000000000000000000e+00
4.802508652210235596e-01,-1.521951317787170410e+00,-1.138134360313415527e+00,5.279058933258056641e+00,-1.764949917793273926e+00,3.497581481933593750e-01,-1.360572218894958496e+00,-1.281252384185791016e+00,3.000000000000000000e+00
-1.334488749504089355e+00,5.509267330169677734e+00,8.974745273590087891e-01,-1.039527535438537598e+00,-5.789960622787475586e-01,-9.787935614585876465e-01,-1.145955085754394531e+00,-9.291667342185974121e-01,1.000000000000000000e+00
-1.015607595443725586e+00,6.797851920127868652e-01,4.816742420196533203e+00,-1.125423431396484375e+00,-3.596731424331665039e-01,-2.106457471847534180e+00,-1.231383919715881348e+00,-1.870069742202758789e+00,2.000000000000000000e+00
-9.404184818267822266e-01,-8.314077258110046387e-01,-6.777811050415039062e-01,-1.085845470428466797e+00,-9.328633546829223633e-01,-4.893560409545898438e-01,-2.263931781053543091e-01,5.881133556365966797e+00,7.000000000000000000e+00
-9.062359929084777832e-01,5.213567614555358887e-01,5.195990085601806641e+00,-9.401805996894836426e-01,-6.410873532295227051e-01,-2.107673168182373047e+00,-1.165746808052062988e+00,-1.645851254463195801e+00,2.000000000000000000e+00
5.254615306854248047e+00,-2.030522108078002930e+00,-1.490490913391113281e+00,2.886620461940765381e-01,-5.453955531120300293e-01,-7.760836482048034668e-01,-1.323002934455871582e+00,-2.303622961044311523e+00,0.000000000000000000e+00
-8.211470842361450195e-01,3.826773166656494141e-01,5.015756607055664062e+00,-8.253465890884399414e-01,-6.288884878158569336e-01,-1.942122936248779297e+00,-1.288636565208435059e+00,-1.425066709518432617e+00,2.000000000000000000e+00
-1.037539482116699219e+00,5.160382986068725586e-01,5.384409427642822266e+00,-1.172023773193359375e+00,-5.354055762290954590e-01,-2.381560802459716797e+00,-9.518749713897705078e-01,-1.554369688034057617e+00,2.000000000000000000e+00
-5.278660058975219727e-01,-7.180705070495605469e-01,-1.855308890342712402e+00,9.088743925094604492e-01,-1.188446283340454102e+00,5.371332645416259766e+00,-1.094873547554016113e+00,-1.197374939918518066e+00,5.000000000000000000e+00
-1.015655875205993652e+00,5.707266330718994141e-01,5.081327438354492188e+00,-1.168455362319946289e+00,-4.955381155014038086e-01,-2.224632024765014648e+00,-1.079372286796569824e+00,-1.778564572334289551e+00,2.000000000000000000e+00
-8.128780126571655273e-01,-8.215364217758178711e-01,-6.987500786781311035e-01,-1.175425171852111816e+00,-9.230879545211791992e-01,-5.941889882087707520e-01,-3.374102711677551270e-01,6.123948097229003906e+00,7.000000000000000000e+00
-1.579564213752746582e+00,5.670345306396484375e+00,1.093709111213684082e+00,-1.456082344055175781e+00,-4.822273254394531250e-01,-9.671655297279357910e-01,-7.789205312728881836e-01,-8.418729305267333984e-01,1.000000000000000000e+00
-5.561424493789672852e-01,-8.474347591400146484e-01,-1.088577628135681152e+00,-1.369509100914001465e+00,-5.921506881713867188e-01,-1.168183088302612305e+00,6.232750415802001953e+00,-6.520116329193115234e-01,6.000000000000000000e+00
-2.197382599115371704e-02,-5.949736833572387695e-01,-2.585508823394775391e-01,-1.806759595870971680e+00,5.579421997070312500e+00,-2.357417583465576172e+00,-1.109317898750305176e+00,-1.783305406570434570e+00,4.000000000000000000e+00
3.251335620880126953e+00,-1.735824584960937500e+00,-5.058400630950927734e-01,-6.899559497833251953e-01,2.913075983524322510e-01,-1.359052181243896484e+00,-4.002966880798339844e-01,-1.449162960052490234e+00,0.000000000000000000e+00
5.548619627952575684e-01,-8.914679884910583496e-01,-2.313676774501800537e-01,-1.862181901931762695e+00,5.353485107421875000e+00,-2.572262763977050781e+00,-1.287932157516479492e+00,-1.991263508796691895e+00,4.000000000000000000e+00
4.904352128505706787e-01,-1.596501350402832031e+00,-1.191304683685302734e+00,5.384299278259277344e+00,-1.824067234992980957e+00,4.217828512191772461e-01,-1.543451309204101562e+00,-1.225748181343078613e+00,3.000000000000000000e+00
2.664556205272674561e-01,-6.320526003837585449e-01,-2.588024735450744629e-01,-1.801852703094482422e+00,5.502199649810791016e+00,-2.467548370361328125e+00,-1.300977468490600586e+00,-1.767168879508972168e+00,4.000000000000000000e+00
-7.708373069763183594e-01,-9.794506430625915527e-01,-7.582241296768188477e-01,-1.311297059059143066e+00,-9.346280097961425781e-01,-5.218233466148376465e-01,-3.085484504699707031e-01,6.167424678802490234e+00,7.000000000000000000e+00
-1.459687232971191406e+00,5.531803131103515625e+00,9.601207971572875977e-01,-1.130796790122985840e+00,-4.896128177642822266e-01,-9.726868271827697754e-01,-9.368159770965576172e-01,-9.959793686866760254e-01,1.000000000000000000e+00
-9.765866994857788086e-01,5.218617320060729980e-01,4.985438823699951172e+00,-1.038601994514465332e+00,-5.242773294448852539e-01,-2.106731891632080078e+00,-1.160407781600952148e+00,-1.400329947471618652e+00,2.000000000000000000e+00
3.571880578994750977e+00,-1.345877408981323242e+00,-1.118742942810058594e+00,-6.162429451942443848e-01,-8.085098862648010254e-02,-8.905786871910095215e-01,-6.006272435188293457e-01,-1.522224068641662598e+00,0.000000000000000000e+00
-9.692938327789306641e-01,-1.059753060340881348e+00,-6.013859510421752930e-01,-1.102630376815795898e+00,-9.711992740631103516e-01,-3.280864953994750977e-01,-9.457409381866455078e-02,5.494873046875000000e+00,7.000000000000000000e+00
4.209046363830566406e-01,-1.565778970718383789e+00,-1.176283955574035645e+00,5.315695762634277344e+00,-1.776988744735717773e+00,4.290630221366882324e-01,-1.594454884529113770e+00,-1.222498536109924316e+00,3.000000000000000000e+00
-2.806774526834487915e-02,-5.625346302986145020e-01,-2.672366499900817871e-01,-1.763871073722839355e+00,5.608812332153320312e+00,-2.364145278930664062e+00,-1.200589537620544434e+00,-1.701612591743469238e+00,4.000000000000000000e+00
-1.436025381088256836e+00,5.563313961029052734e+00,9.489419460296630859e-01,-1.136585235595703125e+00,-5.076766014099121094e-01,-9.904009699821472168e-01,-9.681997299194335938e-01,-1.005923390388488770e+00,1.000000000000000000e+00
-5.417838096618652344e-01,-7.125500440597534180e-01,-1.768451094627380371e+00,8.643237948417663574e-01,-1.191076874732971191e+00,5.292810440063476562e+00,-1.040128231048583984e+00,-1.123959302902221680e+00,5.000000000000000000e+00
-1.146434620022773743e-01,-9.619392156600952148e-01,-7.277679443359375000e-01,-1.460037112236022949e+00,-8.809818625450134277e-01,-1.606139183044433594e+00,6.017929553985595703e+00,-6.076683402061462402e-01,6.000000000000000000e+00
6.066689491271972656e-01,-1.575325012207031250e+00,-1.153821349143981934e+00,5.023848533630371094e+00,-1.650214552879333496e+00,3.628086447715759277e-01,-1.356982231140136719e+00,-1.229565024375915527e+00,3.000000000000000000e+00
-2.125581502914428711e-01,-1.037241816520690918e+00,-7.860032320022583008e-01,-1.532375812530517578e+00,-7.805837392807006836e-01,-1.680943608283996582e+00,6.298669338226318359e+00,-6.644784212112426758e-01,6.000000000000000000e+00
-5.013434886932373047e-01,-7.084639072418212891e-01,-1.769981503486633301e+00,8.422213196754455566e-01,-1.172200679779052734e+00,5.242897033691406250e+00,-1.047626018524169922e+00,-1.077099442481994629e+00,5.000000000000000000e+00
-3.535653948783874512e-01,-6.873676180839538574e-01,-1.749190688133239746e+00,6.469120979309082031e-01,-1.066495776176452637e+00,5.032978057861328125e+00,-1.072337508201599121e+00,-8.917608857154846191e-01,5.000000000000000000e+00
-4.896589517593383789e-01,-9.154261946678161621e-01,-1.000374078750610352e+00,-1.228426218032836914e+00,-6.952455639839172363e-01,-1.076523542404174805e+00,6.008517265319824219e+00,-3.989192545413970947e-01,6.000000000000000000e+00
4.452933669090270996e-01,-1.408461809158325195e+00,-1.075671911239624023e+00,5.008403301239013672e+00,-1.760887742042541504e+00,3.848979473114013672e-01,-1.244948863983154297e+00,-1.313663363456726074e+00,5.000000000000000000e+00
1.245382189750671387e+00,-1.094158649444580078e+00,-2.564357817173004150e-01,-1.718901395797729492e+00,4.709724903106689453e+00,-2.560166835784912109e+00,-1.551261544227600098e+00,-2.163583040237426758e+00,4.000000000000000000e+00
-1.412978053092956543e+00,5.650954246520996094e+00,9.589003324508666992e-01,-1.189021587371826172e+00,-5.326573848724365234e-01,-9.825635552406311035e-01,-1.035166025161743164e+00,-9.248625636100769043e-01,1.000000000000000000e+00
-1.443853616714477539e+00,5.687956809997558594e+00,1.143960118293762207e+00,-1.160992622375488281e+00,-5.346712470054626465e-01,-9.253929257392883301e-01,-1.065774440765380859e+00,-9.406259655952453613e-01,1.000000000000000000e+00
-2.687319815158843994e-01,-1.054432630538940430e+00,-8.275330066680908203e-01,-1.573454380035400391e+00,-7.219540476799011230e-01,-1.717512130737304688e+00,6.456757068634033203e+00,-6.907865405082702637e-01,6.000000000000000000e+00
6.459649801254272461e-01,-1.571016788482666016e+00,-1.177161574363708496e+00,4.982078075408935547e+00,-1.648179888725280762e+00,3.685471415519714355e-01,-1.319008111953735352e+00,-1.254351615905761719e+00,3.000000000000000000e+00
-6.667140722274780273e-01,-6.928325295448303223e-01,-1.689944267272949219e+00,8.439572453498840332e-01,-1.094354033470153809e+00,5.176925659179687500e+00,-9.548354148864746094e-01,-1.189137816429138184e+00,5.000000000000000000e+00
5.263738155364990234e+00,-2.034222841262817383e+00,-1.575562000274658203e+00,-1.286264508962631226e-02,-6.853205561637878418e-01,-6.814751029014587402e-01,-1.112588405609130859e+00,-2.335244655609130859e+00,0.000000000000000000e+00
-5.607519745826721191e-01,-8.398445844650268555e-01,-1.022949457168579102e+00,-1.549336671829223633e+00,-6.318041086196899414e-01,-1.361690998077392578e+00,6.327457427978515625e+00,-7.502091526985168457e-01,6.000000000000000000e+00
2.814441919326782227e-01,-7.853052616119384766e-01,-2.357035875320434570e-01,-1.817238211631774902e+00,5.525946617126464844e+00,-2.503857612609863281e+00,-1.248223185539245605e+00,-1.837975144386291504e+00,4.000000000000000000e+00
-5.443270206451416016e-01,-7.144454121589660645e-01,-1.769943356513977051e+00,7.609895467758178711e-01,-1.127831339836120605e+00,5.241795539855957031e+00,-1.035249114036560059e+00,-1.117927432060241699e+00,5.000000000000000000e+00
-3.153204917907714844e-01,5.327247381210327148e-01,4.062792301177978516e+00,-1.328857183456420898e+00,1.835190132260322571e-02,-2.168255805969238281e+00,-1.392239928245544434e+00,-1.380345940589904785e+00,2.000000000000000000e+00
-1.494680285453796387e+00,5.639382362365722656e+00,1.039403557777404785e+00,-1.219495296478271484e+00,-4.876058995723724365e-01,-9.763830304145812988e-01,-9.116094112396240234e-01,-9.692133069038391113e-01,1.000000000000000000e+00
-1.500597476959228516e+00,5.584051132202148438e+00,1.004078149795532227e+00,-1.141807794570922852e+00,-4.745604991912841797e-01,-9.784896969795227051e-01,-9.826157093048095703e-01,-9.386510252952575684e-01,1.000000000000000000e+00
-1.497380971908569336e+00,5.597068786621093750e+00,9.940162897109985352e-01,-1.145616650581359863e+00,-4.764951765537261963e-01,-9.834359288215637207e-01,-1.001228690147399902e+00,-9.161198735237121582e-01,1.000000000000000000e+00
-1.026056766510009766e+00,6.717963218688964844e-01,4.941662311553955078e+00,-1.203141927719116211e+00,-3.891014158725738525e-01,-2.214993238449096680e+00,-1.096687436103820801e+00,-1.838635325431823730e+00,2.000000000000000000e+00
-6.553827524185180664e-01,-6.865112781524658203e-01,-1.739351868629455566e+00,9.222819805145263672e-01,-1.196398138999938965e+00,5.283324241638183594e+00,-9.782377481460571289e-01,-1.202456831932067871e+00,5.000000000000000000e+00
-1.408115506172180176e+00,5.606858253479003906e+00,9.804322719573974609e-01,-1.133675217628479004e+00,-5.438879728317260742e-01,-9.415112137794494629e-01,-1.098320126533508301e+00,-9.021722674369812012e-01,1.000000000000000000e+00
-1.014755725860595703e+00,4.828386604785919189e-01,5.347749233245849609e+00,-1.110530614852905273e+00,-5.549400448799133301e-01,-2.312649488449096680e+00,-1.003338813781738281e+00,-1.521659970283508301e+00,2.000000000000000000e+00
5.360736846923828125e+00,-2.150663137435913086e+00,-1.593747496604919434e+00,4.214779138565063477e-01,-6.448161602020263672e-01,-7.333229184150695801e-01,-1.313278079032897949e+00,-2.337992668151855469e+00,0.000000000000000000e+00
-8.181680440902709961e-01,-9.513747096061706543e-01,-7.320122718811035156e-01,-1.249076724052429199e+00,-9.433511495590209961e-01,-5.072779059410095215e-01,-2.882990837097167969e-01,6.123934268951416016e+00,7.000000000000000000e+00
3.525868177413940430e+00,-1.013123154640197754e+00,-6.412271857261657715e-01,8.528335690498352051e-01,-3.609279692173004150e-01,-9.727371335029602051e-01,-1.506773114204406738e+00,-1.498902320861816406e+00,0.000000000000000000e+00
-5.724822282791137695e-01,-7.635700106620788574e-01,-1.072193741798400879e+00,-1.284433364868164062e+00,-6.462509632110595703e-01,-9.728221297264099121e-01,5.929963588714599609e+00,-7.336886525154113770e-01,6.000000000000000000e+00
-9.663715362548828125e-01,4.698884487152099609e-01,5.478392124176025391e+00,-1.053020477294921875e+00,-6.416873931884765625e-01,-2.340196371078491211e+00,-9.438785314559936523e-01,-1.562882304191589355e+00,2.000000000000000000e+00
-5.078871250152587891e-01,-9.141348004341125488e-01,-1.041799068450927734e+00,-1.384008526802062988e+00,-6.026844978332519531e-01,-1.246462345123291016e+00,6.298410892486572266e+00,-5.828533768653869629e-01,6.000000000000000000e+00
-5.934557318687438965e-01,-9.939961433410644531e-01,-7.782077789306640625e-01,-1.372788190841674805e+00,-9.194985032081604004e-01,-6.415624022483825684e-01,-4.335868358612060547e-01,6.120918750762939453e+00,5.000000000000000000e+00
3.461358696222305298e-02,-4.078980982303619385e-01,-1.688839495182037354e-01,-1.887790679931640625e+00,5.200653076171875000e+00,-2.471734523773193359e+00,-8.207843303680419922e-01,-1.851535320281982422e+00,4.000000000000000000e+00
-8.872874975204467773e-01,4.266857504844665527e-01,5.062649250030517578e+00,-9.578317403793334961e-01,-6.511991024017333984e-01,-2.050584554672241211e+00,-1.208996534347534180e+00,-1.383818507194519043e+00,2.000000000000000000e+00
-3.031218647956848145e-01,-6.699566841125488281e-01,-1.732297420501708984e+00,6.261622905731201172e-01,-1.050331354141235352e+00,4.962539196014404297e+00,-1.069479584693908691e+00,-8.440667986869812012e-01,5.000000000000000000e+00
-1.053143024444580078e+00,6.081838607788085938e-01,5.416522026062011719e+00,-1.310722470283508301e+00,-4.778285622596740723e-01,-2.496275424957275391e+00,-8.529878258705139160e-01,-1.711769461631774902e+00,2.000000000000000000e+00
-1.326197981834411621e+00,5.470355987548828125e+00,9.103676676750183105e-01,-1.141200065612792969e+00,-6.006845235824584961e-01,-9.116501808166503906e-01,-1.111840367317199707e+00,-8.053641915321350098e-01,1.000000000000000000e+00
4.990889072418212891e+00,-1.949709177017211914e+00,-1.456321597099304199e+00,-3.557260632514953613e-01,-5.173510909080505371e-01,-6.434864401817321777e-01,-1.077805399894714355e+00,-2.160539150238037109e+00,0.000000000000000000e+00
-2.722167968750000000e-01,-4.307434558868408203e-01,-2.227796316146850586e-01,-1.617422103881835938e+00,5.341222286224365234e+00,-2.097357273101806641e+00,-1.059951186180114746e+00,-1.473438143730163574e+00,4.000000000000000000e+00
-1.611837267875671387e+00,5.628848075866699219e+00,1.208165645599365234e+00,-1.488384127616882324e+00,-4.774748086929321289e-01,-9.440992474555969238e-01,-6.287765502929687500e-01,-9.288256764411926270e-01,1.000000000000000000e+00
-1.289313673973083496e+00,5.446398735046386719e+00,8.985182046890258789e-01,-9.706087112426757812e-01,-5.991523861885070801e-01,-9.845281243324279785e-01,-1.203773021697998047e+00,-9.019121527671813965e-01,1.000000000000000000e+00
5.342588901519775391e+00,-2.164916753768920898e+00,-1.611334085464477539e+00,2.513408064842224121e-01,-6.778929233551025391e-01,-6.554245352745056152e-01,-1.240214109420776367e+00,-2.286492109298706055e+00,0.000000000000000000e+00
5.398730754852294922e+00,-2.174544334411621094e+00,-1.584396719932556152e+00,4.164046943187713623e-01,-6.720856428146362305e-01,-7.527729272842407227e-01,-1.293522000312805176e+00,-2.384099006652832031e+00,0.000000000000000000e+00
-8.676053285598754883e-01,4.009257853031158447e-01,5.127430915832519531e+00,-9.734362363815307617e-01,-6.770190596580505371e-01,-2.102229356765747070e+00,-1.133203148841857910e+00,-1.395843148231506348e+00,2.000000000000000000e+00
-5.409873723983764648e-01,-7.034145593643188477e-01,-1.722096562385559082e+00,7.493662238121032715e-01,-1.133345127105712891e+00,5.189269065856933594e+00,-1.013086795806884766e+00,-1.082605123519897461e+00,5.000000000000000000e+00
-9.448151588439941406e-01,4.598410725593566895e-01,5.458819389343261719e+00,-1.098301053047180176e+00,-6.628571748733520508e-01,-2.389644145965576172e+00,-9.846304655075073242e-01,-1.540695309638977051e+00,2.000000000000000000e+00
-6.307043433189392090e-01,-1.057548046112060547e+00,-8.182045221328735352e-01,-1.437771320343017578e+00,-9.191847443580627441e-01,-5.884922742843627930e-01,-3.420275449752807617e-01,6.146912097930908203e+00,5.000000000000000000e+00
-7.223030328750610352e-01,-8.238244056701660156e-01,-6.574470996856689453e-01,-1.149069190025329590e+00,-9.174332618713378906e-01,-6.037467718124389648e-01,-4.009691476821899414e-01,5.843982219696044922e+00,7.000000000000000000e+00
-5.739534497261047363e-01,-8.180066347122192383e-01,-9.921275973320007324e-01,-1.540296196937561035e+00,-6.412634253501892090e-01,-1.294810533523559570e+00,6.261075496673583984e+00,-7.967441082000732422e-01,6.000000000000000000e+00
5.282386779785156250e+00,-2.072920083999633789e+00,-1.524239897727966309e+00,2.486710250377655029e-01,-5.410832166671752930e-01,-7.797673344612121582e-01,-1.323982596397399902e+00,-2.327957391738891602e+00,0.000000000000000000e+00
-9.131727218627929688e-01,4.337887763977050781e-01,5.181511878967285156e+00,-9.986346960067749023e-01,-6.430295705795288086e-01,-2.140506744384765625e+00,-1.114045381546020508e+00,-1.424265027046203613e+00,2.000000000000000000e+00
-8.415263295173645020e-01,4.835954904556274414e-01,4.993448257446289062e+00,-8.334795832633972168e-01,-6.766564846038818359e-01,-1.946883678436279297e+00,-1.245553135871887207e+00,-1.479059457778930664e+00,2.000000000000000000e+00
4.206657111644744873e-01,-8.261352181434631348e-01,-2.453045248985290527e-01,-1.803121447563171387e+00,5.426901817321777344e+00,-2.506554126739501953e+00,-1.301750183105468750e+00,-1.855663657188415527e+00,4.000000000000000000e+00
-8.021739721298217773e-01,-9.614062309265136719e-01,-7.459625601768493652e-01,-1.282594680786132812e+00,-9.431439638137817383e-01,-5.177699923515319824e-01,-3.004173636436462402e-01,6.188855648040771484e+00,7.000000000000000000e+00
-3.271733522415161133e-01,-4.040633141994476318e-01,-2.316830754280090332e-01,-1.517935514450073242e+00,5.186249732971191406e+00,-1.984871864318847656e+00,-1.019679665565490723e+00,-1.395858287811279297e+00,4.000000000000000000e+00
4.023438692092895508e-01,-1.494784832000732422e+00,-1.036658287048339844e+00,5.061670780181884766e+00,-1.723938345909118652e+00,2.699418663978576660e-01,-1.586055636405944824e+00,-1.023030042648315430e+00,3.000000000000000000e+00
-4.531982839107513428e-01,-7.633299827575683594e-01,-1.900295853614807129e+00,8.387269973754882812e-01,-1.205064535140991211e+00,5.408928394317626953e+00,-1.166900277137756348e+00,-1.138589501380920410e+00,5.000000000000000000e+00
-4.841541647911071777e-01,-9.398620724678039551e-01,-9.842213392257690430e-01,-1.604005694389343262e+00,-6.334016323089599609e-01,-1.550996780395507812e+00,6.478634357452392578e+00,-7.112035155296325684e-01,6.000000000000000000e+00
-5.927767157554626465e-01,-1.078457593917846680e+00,-8.126158118247985840e-01,-1.446727514266967773e+00,-9.322592020034790039e-01,-5.846352577209472656e-01,-3.617942929267883301e-01,6.107997417449951172e+00,5.000000000000000000e+00
-8.802091479301452637e-01,4.621204733848571777e-01,5.161075592041015625e+00,-8.705022335052490234e-01,-6.267101168632507324e-01,-2.065994501113891602e+00,-1.248773455619812012e+00,-1.507100701332092285e+00,2.000000000000000000e+00
4.816173017024993896e-01,-1.668799400329589844e+00,-1.269034147262573242e+00,5.487343311309814453e+00,-1.841814637184143066e+00,4.279814958572387695e-01,-1.748273491859436035e+00,-1.172619342803955078e+00,3.000000000000000000e+00
-1.328256249427795410e+00,5.427209854125976562e+00,1.075431346893310547e+00,-1.175037741661071777e+00,-4.412661194801330566e-01,-9.948011040687561035e-01,-1.171630263328552246e+00,-7.189996242523193359e-01,1.000000000000000000e+00
-1.432969570159912109e+00,5.527780532836914062e+00,9.104599356651306152e-01,-1.113283276557922363e+00,-5.067774057388305664e-01,-9.951432347297668457e-01,-1.016862511634826660e+00,-9.780892729759216309e-01,1.000000000000000000e+00
-1.501216411590576172e+00,5.489246368408203125e+00,1.372654557228088379e+00,-1.533064126968383789e+00,-4.351690411567687988e-01,-7.072124481201171875e-01,-6.108487844467163086e-01,-6.342689394950866699e-01,1.000000000000000000e+00
-6.973364949226379395e-01,-6.728294491767883301e-01,-1.669771313667297363e+00,8.603581190109252930e-01,-1.091227531433105469e+00,5.155550479888916016e+00,-9.140467643737792969e-01,-1.212427735328674316e+00,5.000000000000000000e+00
