,# f1,f2,f3,f4,f5,f6,f7,f8,sign,label
0,-1.3302260637283323,5.524349689483643,0.9229360818862915,-1.0226666927337646,-0.5744070410728456,-0.9795446991920472,-1.1716450452804563,-0.9107928872108461,1.0,1
1,0.21242308616638184,-0.6253747940063477,-0.28251403570175165,-1.7711373567581177,5.563647747039794,-2.4344348907470703,-1.3115602731704712,-1.703396201133728,4.0,5
2,-0.7535848617553712,-1.0364896059036255,-0.29801467061042786,-0.7920175790786742,-1.1386728286743164,-0.42325443029403687,-0.4817399382591248,5.32935667037964,7.0,2
3,-0.6313294768333435,-0.6431824564933777,-1.5954009294509888,0.8330511450767517,-1.1039515733718872,4.871910572052002,-0.8290834426879882,-1.0136860609054563,5.0,4
4,-1.4309152364730835,5.487331867218018,0.9541118144989011,-1.0724695920944212,-0.5001431703567505,-0.960864007472992,-0.9607816338539124,-1.0883334875106812,1.0,1
5,-0.7594306468963622,-0.8178877830505371,-0.7450002431869507,-1.215128779411316,-0.9023644924163817,-0.6088028550148009,-0.379525363445282,6.037147045135497,7.0,2
6,4.513623714447021,-1.4580636024475095,-1.3341580629348755,-0.6212738156318665,-0.46284928917884827,-0.5978267788887024,-1.0449389219284055,-2.0697596073150635,0.0,0
7,0.5351566672325134,-1.6889902353286743,-1.2634605169296265,5.39085817337036,-1.7961034774780271,0.40306413173675537,-1.6738651990890503,-1.1073068380355835,3.0,6
8,-0.3502635955810547,-0.6878175735473633,-1.7525991201400757,0.6486502885818481,-1.0699154138565063,5.037071228027344,-1.0730763673782349,-0.896782100200653,5.0,4
9,1.6042470932006836,-0.4331240653991699,-0.07676608115434647,-1.882289171218872,3.7028875350952153,-2.291766166687012,-1.6445090770721436,-2.3683712482452393,4.0,5
10,-0.9328411817550659,0.4802615344524384,5.077975273132324,-0.9832841157913208,-0.5810130834579468,-2.0916836261749268,-1.2405439615249632,-1.4641627073287964,2.0,7
11,-0.5657953023910521,-0.7613553404808044,-1.0861214399337769,-1.2529189586639404,-0.6409546136856079,-0.9645081162452696,5.929763317108153,-0.6835479140281677,6.0,3
12,-0.9685438871383667,0.47291558980941767,5.494636058807373,-1.0628869533538818,-0.6387123465538025,-2.350567102432251,-0.9016147851943968,-1.5711780786514282,2.0,7
13,3.701788663864136,-1.478371500968933,-1.2999571561813354,-0.7789702415466307,0.041389841586351395,-0.7074568867683411,-0.51588374376297,-1.7325316667556763,0.0,0
14,-0.5505573153495789,-0.8506749272346495,-1.0241869688034055,-1.559495210647583,-0.6307199001312256,-1.3869186639785767,6.325734615325928,-0.7389469742774963,6.0,3
15,3.434570550918579,-1.8388824462890625,-0.47061756253242487,-0.9091012477874755,0.2644601762294769,-1.4428257942199707,-0.18079340457916257,-1.8496943712234497,0.0,0
16,-0.8657065629959105,0.484858363866806,5.089085578918457,-0.8407454490661621,-0.646064281463623,-2.02582049369812,-1.0854980945587158,-1.4706795215606687,2.0,7
17,-1.2805774211883545,5.481093406677246,0.9643566608428957,-0.975177526473999,-0.5738589763641356,-0.9805533289909362,-1.2508349418640137,-0.8690527081489563,1.0,1
18,-0.7082213163375854,-0.8920477628707885,-0.6519742012023926,-1.1739650964736938,-0.8997151851654052,-0.5985252261161804,-0.44570624828338623,5.9445977210998535,7.0,2
19,-0.7815342545509337,-0.7096567153930664,-0.6898094415664673,-1.1257171630859375,-0.8922574520111085,-0.6401892900466919,-0.4080655574798584,5.94038200378418,7.0,2
20,-0.7476475238800048,-0.8465307950973511,-0.7348078489303587,-1.234077215194702,-0.9097898602485656,-0.6245388388633728,-0.3907248973846436,6.125387668609619,7.0,2
21,-1.0499253273010252,0.5186052322387695,5.341542720794678,-1.1759719848632812,-0.5382364988327025,-2.3573572635650635,-0.9697389006614685,-1.5590637922286987,2.0,7
22,-0.5513547658920288,-0.7041512727737427,-1.7238903045654297,0.7515536546707153,-1.136625051498413,5.2099456787109375,-1.0154953002929688,-1.0966440439224243,5.0,4
23,-0.7261188626289367,-0.7122128009796144,-0.6948645710945128,-1.133273363113403,-0.878002643585205,-0.6475420594215393,-0.45016378164291376,5.806641101837158,7.0,2
24,5.330531597137451,-2.103909015655517,-1.5663719177246092,0.2214877903461456,-0.6656991243362427,-0.6970822215080261,-1.219019055366516,-2.3347628116607666,0.0,0
25,-0.7671606540679932,-0.8366659879684448,-0.37971967458724976,-0.8024258017539978,-1.0623341798782349,-0.48892694711685186,-0.5312449932098389,5.286437511444092,7.0,2
26,-0.6154518723487854,-0.6868346929550171,-1.6935312747955322,0.8097841739654541,-1.143617868423462,5.173418521881104,-0.9578372240066528,-1.1375781297683716,5.0,4
27,0.4568512737751007,-1.4714565277099607,-1.1177300214767456,5.130920886993408,-1.782984972000122,0.3948121666908264,-1.3411895036697388,-1.2989566326141355,5.0,6
28,-0.570815920829773,-0.8163359165191649,-1.0225355625152588,-1.517730951309204,-0.6460962891578673,-1.2959589958190916,6.253454685211182,-0.757629930973053,6.0,3
29,-1.4623048305511475,5.45146942138672,0.9139975309371949,-1.106947422027588,-0.46798217296600336,-0.9684620499610899,-0.917325496673584,-1.0083048343658447,1.0,1
30,5.168360233306885,-1.9594796895980835,-1.5334047079086304,-0.0386710986495018,-0.701782763004303,-0.6709560751914978,-1.0769847631454468,-2.31707763671875,0.0,0
31,0.4324906766414642,-1.595292091369629,-1.1696380376815796,5.4216084480285645,-1.7950533628463743,0.3839446902275085,-1.532793402671814,-1.2515686750411987,3.0,6
32,-1.0315604209899902,-1.0841103792190552,-0.4841558039188385,-0.969201922416687,-0.9865951538085936,-0.3213421106338501,-0.006904006004333496,5.231924057006836,7.0,2
33,-0.99213707447052,-1.087385654449463,-0.6128740906715393,-1.1110676527023315,-1.0077534914016724,-0.31554657220840454,-0.1208004206418991,5.577860355377196,7.0,2
34,-0.5946174263954163,-0.7116502523422241,-1.8132606744766235,0.9406026005744934,-1.1514147520065308,5.339136123657227,-1.0435404777526855,-1.2262163162231443,5.0,4
35,0.483877956867218,-1.5919622182846067,-1.1714855432510376,5.339285373687744,-1.756821036338806,0.3673628568649292,-1.4785387516021729,-1.239907145500183,3.0,6
36,0.48059615492820734,-1.6064269542694092,-1.1940613985061643,5.407190322875977,-1.8353854417800903,0.42956870794296254,-1.5695571899414062,-1.222728610038757,3.0,6
37,-0.7766618728637694,-0.9096957445144653,-0.7363932132720947,-1.261831283569336,-0.9229862689971923,-0.5843901038169861,-0.3454957604408264,6.1712188720703125,7.0,2
38,5.373537540435791,-2.1537518501281734,-1.5874000787734983,0.36197286844253534,-0.6493878364562988,-0.7687457203865051,-1.281427979469299,-2.3685688972473145,0.0,0
39,-0.5864230990409851,-0.7623867988586426,-1.0631518363952637,-1.3382350206375122,-0.6465079784393312,-1.0405813455581665,6.0073766708374015,-0.7408291697502136,6.0,3
40,-0.7259435057640076,-0.9351919293403624,-0.6364840269088745,-1.1679561138153076,-0.9530422687530515,-0.515381395816803,-0.303691029548645,5.838379383087158,7.0,2
41,4.375078678131104,-1.6075127124786377,-1.4137868881225584,-1.0643601417541504,0.07627250254154205,-0.9739226698875427,-0.21269290149211884,-2.0800440311431885,0.0,0
42,-0.004648119211196899,-1.0128014087677,-0.5739513039588928,-1.4613722562789917,-0.915597140789032,-1.666850209236145,5.946354389190674,-0.7001288533210753,6.0,3
43,5.37717342376709,-2.1728818416595455,-1.5989516973495483,0.49978530406951904,-0.6860644221305847,-0.7667892575263977,-1.2939075231552124,-2.3876452445983887,0.0,0
44,-1.0567065477371216,0.6352630853652954,5.385817050933838,-1.3144237995147705,-0.4525032043457031,-2.495223999023437,-0.8724785447120665,-1.7186614274978635,2.0,7
45,0.5534504055976868,-1.6417685747146606,-1.2269781827926636,5.300323009490967,-1.7866915464401243,0.4205895662307739,-1.5779050588607788,-1.1698850393295288,3.0,6
46,-0.008335582911968231,-0.5796289443969728,-0.2684167325496673,-1.7971625328063965,5.562758922576904,-2.3400695323944087,-1.121232032775879,-1.7818523645401,4.0,5
47,-1.386748194694519,5.622821807861328,1.0308767557144165,-1.1958551406860352,-0.4921609163284302,-1.0082578659057615,-1.0766222476959229,-0.858201265335083,1.0,1
48,-0.7518131732940675,-0.9812600612640381,-0.7404059767723083,-1.2819262742996216,-0.9203270673751832,-0.5176823735237122,-0.2946397662162781,6.027133464813232,7.0,2
49,3.999641180038452,-2.153937101364136,-0.8282999992370604,-0.31642788648605347,-0.02570195123553276,-1.3705394268035889,-0.3882525563240051,-1.8677242994308472,0.0,0
50,-0.5091105699539185,-0.7014369368553162,-1.7853808403015137,0.8107046484947203,-1.1369848251342771,5.208636283874512,-1.062729001045227,-1.0967832803726196,5.0,4
51,-1.5783970355987549,5.657756805419922,1.0950425863265991,-1.4200043678283691,-0.48581406474113453,-0.9695268273353576,-0.7814847826957703,-0.8922165036201477,1.0,1
52,5.082050800323486,-2.0006465911865234,-1.4782270193099976,0.20526930689811704,-0.42851203680038447,-0.8258424997329712,-1.2226544618606567,-2.295770645141601,0.0,0
53,4.894763946533203,-1.6030616760253906,-1.4847334623336792,-0.6828039884567261,-0.4529447555541992,-0.7269011735916138,-1.050042748451233,-2.1393673419952393,0.0,0
54,5.413473606109619,-2.1912310123443604,-1.599617600440979,0.4576726257801056,-0.7012780904769897,-0.744880735874176,-1.319663405418396,-2.356786727905273,0.0,0
55,-0.7770459055900573,-0.7990745306015015,-0.7053202390670776,-1.1770781278610227,-0.9155856370925904,-0.6334629058837891,-0.3982620239257813,6.093954563140869,7.0,2
56,-0.5884239673614502,-0.6894919872283936,-1.6355311870574951,0.7236320972442627,-1.1056772470474243,5.0691118240356445,-0.9350533485412595,-1.0892658233642578,5.0,4
57,4.828512191772461,-1.8182556629180908,-1.3803266286849976,-0.4252218008041382,-0.5287516713142395,-0.4867315888404846,-1.0316336154937744,-2.0240240097045894,0.0,0
58,-1.0225257873535156,0.5282191634178162,5.52893590927124,-1.2043064832687376,-0.6349362134933472,-2.4639129638671875,-0.8799410462379454,-1.576067328453064,2.0,7
59,0.4291132986545562,-1.0298248529434204,-0.7634940147399902,4.112098217010497,-1.1710568666458128,0.5037865042686462,-0.8724458813667297,-1.3129360675811768,3.0,6
60,-0.7453204989433287,-0.9788992404937744,-0.7518804669380189,-1.3144894838333128,-0.9272773265838624,-0.5401774048805237,-0.31216335296630854,6.157882213592528,7.0,2
61,0.5860603451728821,-1.5221608877182007,-1.12129008769989,5.019543170928955,-1.654492974281311,0.34660661220550537,-1.2552850246429443,-1.3007475137710571,3.0,6
62,-0.6224151253700256,-1.0614323616027832,-0.817631423473358,-1.4422979354858398,-0.9236501455307008,-0.5859562754631041,-0.3459364175796509,6.140377998352051,5.0,2
63,0.46776151657104487,-1.5969512462615967,-1.1646870374679563,5.324647426605225,-1.7636864185333252,0.375004768371582,-1.5502160787582395,-1.2116118669509888,3.0,6
64,4.349960803985596,-1.5576395988464355,-1.3433676958084106,-0.8689552545547485,0.020350154489278797,-0.8968735337257385,-0.5990661382675171,-2.1100795269012447,0.0,0
65,0.23427993059158325,-0.7217715382575988,-0.2627944350242615,-1.7826735973358154,5.5307674407958975,-2.429023265838623,-1.2726150751113892,-1.773123860359192,4.0,5
66,5.022684574127196,-2.024793863296509,-1.5254470109939575,0.07509714365005493,-0.6158746480941772,-0.6392167806625366,-1.1590070724487305,-2.0941948890686035,0.0,0
67,-0.7267026305198668,-0.8027359247207642,-0.6854867339134216,-1.1685777902603147,-0.8693892955780029,-0.6392712593078613,-0.4112190008163452,5.952639579772949,7.0,2
68,0.47975510358810414,-1.661921977996826,-1.2417367696762085,5.365389347076416,-1.80503511428833,0.4068074822425842,-1.709187626838684,-1.2069519758224487,3.0,6
69,0.49902096390724177,-0.8060582876205443,-0.15122494101524353,-2.016855239868164,5.360064029693604,-2.600824356079101,-1.1716454029083252,-2.005449056625366,4.0,5
70,-0.159731388092041,-0.9827128648757935,-0.5564442873001099,-1.5518277883529663,-0.8028302788734435,-1.5717823505401611,6.577417850494385,-0.8113707900047302,6.0,3
71,0.4481995701789856,-1.6212003231048584,-1.2003760337829588,5.4480299949646,-1.8051563501358032,0.40270096063613886,-1.5820193290710447,-1.2428226470947263,3.0,6
72,0.5380387902259827,-1.5232739448547363,-1.097328782081604,5.145063877105713,-1.7090258598327637,0.33883786201477045,-1.3251715898513792,-1.2682044506072998,3.0,6
73,-0.8805966377258301,0.5017226338386536,5.132738590240479,-0.9042320847511293,-0.6504647135734558,-2.0469110012054443,-1.2057024240493774,-1.6089584827423096,2.0,7
74,-0.7641140818595886,-0.8135415315628051,-0.6795449256896973,-1.152955412864685,-0.9089803099632264,-0.6026883721351624,-0.3790189623832703,5.928259372711182,7.0,2
75,0.5064153075218201,-1.5851967334747314,-1.176031708717346,5.340091705322266,-1.8216015100479124,0.41987586021423334,-1.522094488143921,-1.21719491481781,3.0,6
76,-0.8048564791679382,-0.7453427314758301,-0.614115297794342,-1.0378181934356687,-0.910746932029724,-0.5509595274925232,-0.3487538695335388,5.596317768096924,7.0,2
77,-0.5492613315582275,-0.8323845267295836,-0.9519106149673461,-1.3782048225402832,-0.6766275763511658,-1.0479788780212402,6.193082332611084,-0.8121449351310731,6.0,3
78,0.5386224389076233,-1.6595791578292847,-1.2136080265045166,5.303332805633545,-1.7527638673782349,0.38565814495086664,-1.586887001991272,-1.1525903940200803,3.0,6
79,-1.4239789247512815,5.493296146392822,0.9350390434265136,-1.0783933401107788,-0.5066160559654236,-0.9791869521141052,-1.0145313739776611,-1.0215561389923096,1.0,1
80,5.407815933227539,-2.1885225772857666,-1.5972381830215454,0.4176919162273407,-0.6848069429397583,-0.7527053952217102,-1.286906599998474,-2.3792541027069087,0.0,0
81,-0.9894237518310547,0.5009300112724304,5.49120569229126,-1.157431960105896,-0.6521073579788208,-2.4242289066314697,-0.9471768140792847,-1.5904821157455444,2.0,7
82,-0.7340399026870726,-0.9564706087112426,-0.7044080495834352,-1.27091908454895,-0.9282798767089844,-0.5855666995048523,-0.34425556659698486,6.166744709014893,7.0,2
83,0.03510402888059616,-0.6382799148559569,-0.24840110540390012,-1.737872004508972,5.554908752441406,-2.3431758880615234,-1.2228070497512815,-1.6878432035446167,4.0,5
84,-0.5310514569282532,-0.8668642640113831,-1.0497428178787231,-1.4364794492721555,-0.6111733317375183,-1.2617719173431396,6.296017169952393,-0.6818779706954956,6.0,3
85,-0.34735897183418274,-0.6726382374763489,-1.7249492406845093,0.6559109091758728,-1.0680974721908567,4.983086585998535,-1.0541763305664062,-0.8847188353538513,5.0,4
86,-1.341852784156799,5.545072555541992,0.9929401874542236,-1.097013473510742,-0.5122807621955872,-0.9489064812660216,-1.1931589841842651,-0.8302669525146483,1.0,1
87,-0.3374977707862854,-0.479586273431778,-0.229595810174942,-1.5646073818206787,5.282036304473877,-2.0780344009399414,-0.9267638325691224,-1.647704005241394,4.0,5
88,-1.3324779272079468,5.499547004699707,1.0012247562408447,-1.109460711479187,-0.518438458442688,-1.017120599746704,-1.1410768032073975,-0.8628442287445068,1.0,1
89,-0.22969120740890503,-0.37400421500205994,-0.1890094876289368,-1.46328067779541,5.165070533752441,-1.9162538051605225,-1.1518642902374268,-1.090767741203308,4.0,5
90,5.228151798248291,-2.1497206687927246,-1.6140204668045044,0.27491292357444763,-0.7293155193328857,-0.6454135775566101,-1.0649765729904175,-2.378204345703125,0.0,0
91,-0.5759304165840149,-0.8746157884597777,-0.9528232812881469,-1.6962841749191284,-0.6387448310852051,-1.5518321990966797,6.443371295928955,-0.7588724493980407,6.0,3
92,-0.30622050166130066,-0.4112461805343628,-0.2201842963695526,-1.5545241832733154,5.233253479003905,-2.013841152191162,-1.0414446592330933,-1.3861685991287231,4.0,5
93,-0.6799234747886658,-0.8971456289291383,-0.5457518696784973,-1.049286127090454,-1.0366872549057007,-0.5163686275482178,-0.4337993860244751,5.705991268157959,7.0,2
94,3.514592170715332,-1.7585196495056152,-0.35636672377586365,-0.9107095003128051,0.24902363121509552,-1.575878024101257,-0.270882248878479,-1.922812819480896,0.0,0
95,-1.3034776449203491,5.443752288818359,0.9597464799880979,-1.0278142690658567,-0.5299665331840515,-0.9616852402687072,-1.2271474599838257,-0.7868831753730774,1.0,1
96,-0.9490150213241576,0.4434855282306671,5.545403480529785,-1.0284202098846436,-0.603759765625,-2.403440237045288,-0.777751386165619,-1.4637057781219482,2.0,7
97,-0.590069055557251,-0.774673044681549,-1.0634541511535645,-1.3357074260711668,-0.641577959060669,-0.9847901463508606,5.933835506439209,-0.7881127595901489,6.0,3
98,0.15451475977897644,-0.7579781413078307,-0.06074061244726181,-1.4547324180603027,-0.8144686222076416,-1.722923994064331,5.38248348236084,-0.9068263769149779,6.0,3
99,0.38026511669158936,-1.026667237281799,-0.7940632104873657,4.174607753753662,-1.290528893470764,0.4195787310600281,-0.938732385635376,-1.1144195795059204,3.0,6
100,0.37014448642730713,-0.7873705625534058,-0.25583192706108093,-1.8185906410217283,5.477580070495605,-2.4917478561401367,-1.2962766885757446,-1.8780601024627683,4.0,5
101,-1.0288211107254028,0.5683138370513916,5.1205148696899405,-1.1819413900375366,-0.4740452766418457,-2.260304450988769,-1.07211434841156,-1.7387102842330933,2.0,7
102,-0.8563727736473083,0.5006579756736755,5.035606861114502,-0.838489532470703,-0.6617549657821655,-1.978874444961548,-1.2193944454193115,-1.490938663482666,2.0,7
103,-0.5748956203460692,-0.6920101642608643,-1.6662408113479614,0.705288290977478,-1.0915662050247192,5.090280532836913,-0.9553172588348388,-1.077803373336792,5.0,4
104,0.575295090675354,-1.679411768913269,-1.2300529479980469,5.287421703338623,-1.7549611330032349,0.38876986503601074,-1.5514665842056274,-1.1632418632507324,3.0,6
105,-0.7678849101066588,-0.8416667580604553,-0.74264657497406,-1.2315467596054075,-0.9182400107383728,-0.5989697575569153,-0.3655375838279724,6.084604740142822,7.0,2
106,-0.5555890798568726,-0.8119129538536071,-1.078049659729004,-1.1782829761505127,-0.6351951956748961,-0.8551927804946899,5.8485822677612305,-0.7999410033226013,6.0,3
107,0.5602105259895325,-0.8568245172500609,-0.18312332034111023,-1.9623308181762693,5.323284149169922,-2.5787127017974854,-1.2336622476577759,-2.0365259647369385,4.0,5
108,-0.3434382677078247,-0.9653428196907043,-0.798715591430664,-1.5071886777877808,-0.7524407505989074,-1.5075998306274414,6.436705112457275,-0.6274653077125549,6.0,3
109,0.4741154909133911,-1.473541021347046,-1.1196780204772947,5.207828521728516,-1.728963017463684,0.32292091846466064,-1.2780916690826416,-1.3061901330947876,3.0,6
110,-1.0321431159973145,0.5419012904167175,5.282669544219971,-1.168608784675598,-0.5460035800933838,-2.3303232192993164,-1.0088998079299927,-1.602779746055603,2.0,7
111,-0.7603594064712524,-0.5574648380279541,-0.6647447943687439,-1.0150806903839111,-0.8067129850387573,-0.6794571280479431,-0.5006865859031677,5.47485876083374,7.0,2
112,-0.6132394075393677,-0.7847620248794556,-1.0025349855422971,-1.5177069902420044,-0.6441940069198608,-1.2084267139434814,6.134182453155518,-0.777559459209442,6.0,3
113,-1.014554738998413,0.7614327669143677,5.374840259552002,-1.401218056678772,-0.3681541979312897,-2.5217258930206294,-0.7830581665039062,-1.8913651704788208,2.0,7
114,-0.43566298484802246,-0.9551963806152344,-0.8983834981918336,-1.5528430938720703,-0.6960856318473816,-1.52556574344635,6.455077648162842,-0.6047090888023376,6.0,3
115,-1.4889276027679443,5.559551239013672,1.0063849687576292,-1.1096194982528687,-0.47696083784103394,-0.9661292433738707,-0.974678635597229,-0.9685083031654357,1.0,1
116,-0.33315718173980713,-0.40477305650711054,-0.2307477295398712,-1.5284806489944458,5.189385414123535,-1.99165678024292,-1.014189600944519,-1.4109848737716675,4.0,5
117,5.389626979827881,-2.1695756912231445,-1.590689182281494,0.4861734509468079,-0.6846590042114258,-0.7594922184944154,-1.320030093193054,-2.3782172203063965,0.0,0
118,-0.8020155429840087,-0.7415786981582642,-0.6380892992019653,-1.0575544834136963,-0.8995571136474609,-0.5767816901206969,-0.3652845025062561,5.699895381927489,7.0,2
119,-0.1714298129081726,-0.5561447739601135,-1.992495894432068,1.3570683002471924,-1.1965664625167847,4.804553985595703,-1.2500250339508057,-1.4793249368667603,5.0,4
120,-0.7166168689727783,-0.7787150144577025,-0.52488112449646,-0.9962761402130128,-0.9793929457664488,-0.5480093359947205,-0.4723385572433472,5.460768222808838,7.0,2
121,0.5346900224685669,-1.4974191188812256,-1.0961905717849731,5.0858964920043945,-1.6743141412734983,0.33538293838500977,-1.2835414409637451,-1.278305172920227,3.0,6
122,4.510701656341553,-1.307229995727539,-1.447985291481018,-0.9030303955078125,-0.415898472070694,-0.49963825941085815,-1.0154011249542236,-1.9403132200241089,0.0,0
123,-0.7622517347335814,0.4556195735931397,4.725731372833252,-0.9694740772247313,-0.46914970874786377,-2.04031753540039,-1.2575478553771973,-1.277199387550354,2.0,7
124,-0.4552999138832092,-0.9339843988418579,-0.9595453739166259,-1.5385929346084595,-0.6796131730079651,-1.4779603481292725,6.399630546569824,-0.6278746128082275,6.0,3
125,-0.5365450978279114,-0.7164125442504883,-1.8855900764465328,0.915488362312317,-1.1667650938034055,5.379467964172363,-1.1079188585281372,-1.2199550867080688,5.0,4
126,-1.3316818475723267,5.542361259460449,0.8996665477752684,-1.1468684673309326,-0.5757793188095093,-0.9616852402687072,-1.0905503034591675,-0.88376384973526,1.0,1
127,0.5008550882339478,-1.6522510051727295,-1.2554494142532349,5.3319902420043945,-1.7782548666000366,0.41692894697189326,-1.6784495115280151,-1.2020913362503052,3.0,6
128,-0.7518996000289918,-1.0054086446762085,-0.7834204435348511,-1.3507020473480225,-0.9343702793121338,-0.5050646662712097,-0.30834394693374634,6.1867661476135245,7.0,2
129,-0.36153492331504816,-0.47726309299468994,-0.23227986693382263,-1.5248494148254395,5.21634817123413,-2.038142204284668,-0.888789415359497,-1.6320337057113647,4.0,5
130,-0.7715300917625427,-0.9501937627792358,-0.7488969564437865,-1.289525032043457,-0.926605224609375,-0.5552043318748474,-0.3180517554283142,6.1966538429260245,7.0,2
131,-1.4570229053497314,5.557950973510742,0.9996563196182251,-1.1313774585723877,-0.49559432268142706,-0.9705603718757628,-0.9514038562774657,-1.0401602983474731,1.0,1
132,0.4731987416744232,-1.5819978713989256,-1.1703081130981443,5.398341655731201,-1.841558575630188,0.43295544385910034,-1.5459437370300293,-1.2213736772537231,3.0,6
133,0.4296872913837433,-0.8839432001113892,0.33868658542633057,-1.3741590976715088,4.479405403137207,-2.0059971809387207,-1.230270743370056,-1.4530813694000244,4.0,5
134,0.45796921849250793,-1.3971598148345947,-1.0045225620269775,4.969588756561279,-1.660040020942688,0.31600391864776606,-1.2360408306121826,-1.2342458963394165,3.0,6
135,5.41525411605835,-2.1791388988494877,-1.6014002561569212,0.4886685907840729,-0.6761494874954224,-0.7478801608085632,-1.352674126625061,-2.3427488803863525,0.0,0
136,-1.1067497730255127,-0.9826773405075072,-0.6180691123008728,-0.963125228881836,-1.0291630029678345,-0.274880588054657,-0.07758453488349913,5.535961627960205,7.0,2
137,3.834242582321167,-1.4394935369491575,-1.2911485433578491,-1.0019216537475584,0.14094652235507965,-0.8301308155059814,-0.5514654517173767,-1.7599588632583618,0.0,0
138,-1.3859785795211792,5.51004695892334,1.4465725421905515,-1.5184311866760252,-0.539436399936676,-0.6960980296134949,-0.689400315284729,-0.735855758190155,1.0,1
139,-0.5840226411819458,-0.8450506925582885,-1.0866718292236328,-1.3192218542099,-0.6062023639678955,-1.1336312294006348,6.2019262313842765,-0.5631864070892334,6.0,3
140,-0.2950970530509949,-0.7694288492202759,-0.4057810008525848,-1.1929199695587158,4.522230625152588,-1.5575776100158691,-0.42033398151397705,-0.6723797917366028,4.0,5
141,-1.4978022575378416,5.463217735290527,0.9817456007003784,-1.1119500398635864,-0.4402810335159302,-0.9570186734199525,-0.8969796895980835,-0.9992962479591369,1.0,1
142,-1.458886981010437,5.571927547454834,0.9692262411117551,-1.171778917312622,-0.5044757723808289,-0.9806135296821593,-0.9834261536598204,-0.9524762034416199,1.0,1
143,-1.5410767793655396,5.613427162170409,1.2456147670745847,-1.5103260278701782,-0.5145870447158812,-0.8173285126686096,-0.6336674690246582,-0.8037003874778748,1.0,1
144,0.013950638473033903,-0.6006398797035217,-0.2634442448616028,-1.7913626432418823,5.616903305053711,-2.3920521736145015,-1.2047004699707031,-1.740397572517395,4.0,5
145,0.49060335755348206,-1.4120922088623047,-1.007154941558838,5.013371944427489,-1.683599829673767,0.3133014440536499,-1.2805354595184326,-1.2216891050338743,3.0,6
146,-0.7686045169830321,-0.7334002256393432,-0.7098672986030579,-1.14119291305542,-0.8628677129745483,-0.636606991291046,-0.4132418632507324,5.908079147338867,7.0,2
147,5.305892467498779,-2.114924430847168,-1.5604224205017088,0.5735983848571777,-0.7069050073623657,-0.7437164187431334,-1.33664071559906,-2.342097282409668,0.0,0
148,-0.9835155010223389,0.3713176250457764,5.351355075836182,-1.030650973320007,-0.502726137638092,-2.2831389904022217,-1.0740846395492551,-1.3870667219161987,2.0,7
149,-0.6112611293792725,-0.7706792354583741,-1.0413540601730347,-1.4467251300811768,-0.6346369981765747,-1.1134157180786133,6.02836275100708,-0.7840986847877502,6.0,3
150,0.9360226988792419,-0.9757655858993529,-0.21772271394729611,-1.8683702945709229,4.938315391540527,-2.5739450454711914,-1.3566077947616575,-2.0506162643432617,4.0,5
151,0.49694105982780457,-1.6111879348754883,-1.2015192508697508,5.398843288421631,-1.838861107826233,0.43795990943908686,-1.5746071338653564,-1.2110437154769895,3.0,6
152,-0.20787811279296875,-0.3671185076236725,-0.21806943416595456,-1.5255172252655027,5.2720818519592285,-2.0056402683258057,-1.186044692993164,-1.1934332847595215,4.0,5
153,-0.37087029218673706,-0.6343654990196228,-0.44206103682518005,-1.3136132955551147,4.875843048095703,-1.6822247505187988,-0.6124327182769775,-1.0723963975906372,4.0,5
154,2.967188835144043,-1.4729299545288084,-1.3093700408935547,-1.720414400100708,1.2536793947219849,-1.4395651817321775,0.45376765727996826,-1.7603025436401367,0.0,0
155,-0.5331525802612305,-0.7095988392829895,-1.7985469102859497,0.9200763702392578,-1.209581971168518,5.330938816070557,-1.0589953660964964,-1.1346857547760008,5.0,4
156,-0.8692378401756287,0.4793770015239716,5.050193309783936,-0.8558663129806519,-0.6342957019805908,-1.9825310707092283,-1.3120397329330444,-1.5144885778427124,2.0,7
157,0.5018603801727295,-1.1277670860290527,-0.788805603981018,4.148689270019531,-1.1945656538009644,0.4541215896606445,-0.9244352579116819,-1.3373700380325315,3.0,6
158,4.987707614898682,-1.953344821929932,-1.4561057090759275,0.10906677693128584,-0.5628100633621216,-0.7260605096817015,-1.122907280921936,-2.239418029785156,0.0,0
159,-0.7950022220611571,-1.2112081050872803,-0.4767718017101288,-1.1014050245285034,-1.0284081697463987,-0.46338099241256714,-0.46295225620269775,5.821454048156737,6.0,2
160,3.319139003753662,-1.017911672592163,-1.0260623693466187,-0.8054187297821045,-0.07581753283739091,-0.8871976733207703,-0.7330257892608641,-1.2886939048767088,0.0,0
161,-0.4721153974533081,-0.9206138849258423,-0.8507595062255859,-1.5158960819244385,-0.705452561378479,-1.4595699310302734,6.469579219818115,-0.5837775468826294,6.0,3
162,-1.5925846099853516,5.616814613342285,1.215404748916626,-1.516801834106445,-0.4919838309288025,-0.9462353587150573,-0.6116165518760681,-0.9245548844337464,1.0,1
163,-1.3754874467849731,5.59311580657959,0.990902900695801,-1.131988525390625,-0.46992936730384827,-1.0297662019729614,-1.121444821357727,-0.8587067723274232,1.0,1
164,-1.3906521797180176,5.609223365783691,0.9365679025650024,-1.2217758893966675,-0.5443369746208191,-0.9661977887153624,-1.0378130674362183,-0.8829721212387086,1.0,1
165,-1.2988219261169431,5.24759817123413,1.1181334257125854,-1.037370204925537,-0.6923598051071167,-0.8477084040641784,-1.0981136560440063,-0.8424409031867982,1.0,1
166,-0.2664119005203247,-1.0423305034637451,-0.812308371067047,-1.5551637411117551,-0.7507041692733764,-1.696634531021118,6.404545783996582,-0.6650984883308411,6.0,3
167,-0.868813157081604,-0.5903308391571045,-1.3146053552627563,0.6813036799430847,-1.0337584018707275,4.599420547485352,-0.7131507992744446,-0.9514274001121522,5.0,4
168,-1.4598896503448486,5.53499698638916,0.981308102607727,-1.1597399711608887,-0.4942214488983154,-0.9724974036216736,-0.9194679260253905,-1.0413322448730469,1.0,1
169,-1.013689398765564,0.5370040535926819,5.232333660125732,-1.1330630779266355,-0.5571993589401245,-2.27912974357605,-1.0485001802444458,-1.629794716835022,2.0,7
170,0.4325355887413025,-1.5395479202270508,-1.1041474342346191,5.209256649017334,-1.7225295305252075,0.3477776050567627,-1.4680393934249876,-1.2201610803604124,3.0,6
171,-0.8263526558876036,-0.29791778326034546,-0.2611825466156006,-0.4181957840919495,-1.1042135953903198,-0.4623830914497376,-0.5891274809837341,4.016884803771973,7.0,2
172,5.007901668548584,-1.9430994987487793,-1.1416473388671875,0.5645014047622681,-0.360807329416275,-1.1622281074523924,-1.5789804458618164,-2.197677135467529,0.0,0
173,0.5502689480781555,-1.6738653182983398,-1.2312113046646118,5.319272994995117,-1.758846879005432,0.3914708495140076,-1.5969247817993164,-1.1455020904541016,3.0,6
174,0.2977690100669861,-1.2162082195281982,-0.8152281641960144,4.657174587249756,-1.6320606470108032,0.09938333928585052,-1.1846561431884763,-1.0300660133361816,3.0,6
175,-0.2255178391933441,-0.41085559129714966,-0.1863536834716797,-1.5560967922210691,5.282430648803711,-2.023601770401001,-1.1604045629501343,-1.236078143119812,4.0,5
176,0.5114495158195496,-1.6142226457595823,-1.1853084564208984,5.298925399780273,-1.7668263912200928,0.40004795789718633,-1.5536309480667114,-1.2044945955276487,3.0,6
177,-1.0975874662399292,-1.0073679685592651,-0.5488341450691223,-0.9476642608642578,-1.0631523132324219,-0.3010607361793518,-0.09120285511016844,5.537412166595458,7.0,2
178,0.4932737350463867,-1.6772639751434326,-1.2662992477416992,5.475299835205078,-1.8349977731704712,0.41800308227539057,-1.7299996614456177,-1.1566663980484009,3.0,6
179,1.6884498596191406,-1.145913004875183,-0.3485853374004364,-1.5861353874206543,4.189146995544434,-2.3747358322143555,-1.6853824853897095,-2.224495410919189,4.0,5
180,-0.970210075378418,0.428001195192337,5.174166202545166,-1.044382095336914,-0.5386300086975098,-2.1828916072845455,-1.105224609375,-1.4244048595428467,2.0,7
181,5.176647663116455,-1.9771702289581297,-1.469035506248474,0.03474508970975876,-0.4438583850860596,-0.7393131852149963,-1.3316820859909055,-2.2135100364685054,0.0,0
182,-0.4726096987724304,-1.113332748413086,-0.8201713562011719,-1.45167875289917,-0.9471578598022462,-0.6440839767456055,-0.36814033985137934,5.8942670822143555,7.0,2
183,-0.7513948678970338,-1.0051743984222412,-0.7077142000198364,-1.2367917299270628,-0.9203368425369263,-0.49740892648696894,-0.28274816274642944,5.882940292358398,7.0,2
184,-0.9538369178771972,0.43629831075668335,5.52719259262085,-1.0260894298553467,-0.5920112133026123,-2.388984441757202,-0.8093329668045045,-1.446038007736206,2.0,7
185,-0.5398119688034058,-0.8149850368499757,-1.1172201633453367,-1.1188141107559204,-0.6004337668418884,-0.823392927646637,5.6938133239746085,-0.7822090983390808,6.0,3
186,-0.55677330493927,-0.8598009347915649,-1.1391955614089964,-1.06439471244812,-0.5602412819862366,-0.796322762966156,5.614253997802734,-0.7133964896202089,6.0,3
187,-0.7821086645126343,-0.8657062053680421,-0.6888173222541809,-1.1920917034149168,-0.934815764427185,-0.6033455729484558,-0.36598664522171026,6.130819320678711,7.0,2
188,0.49188071489334106,-1.6652854681015015,-1.2698878049850464,5.457503795623779,-1.8228567838668823,0.4248020052909851,-1.7201910018920898,-1.1665838956832884,3.0,6
189,-0.3592607378959656,-0.9464384317398072,-0.8454968333244324,-1.454069972038269,-0.7491719126701355,-1.4175190925598145,6.331141948699951,-0.6025787591934204,6.0,3
190,5.329780101776123,-2.127577304840088,-1.5749021768569946,0.4152796864509583,-0.6275041103363037,-0.7524229288101196,-1.3004720211029053,-2.343998432159424,0.0,0
191,0.9728381037712096,-1.0271456241607666,-0.18485185503959653,-1.832246780395508,4.943205833435059,-2.679267883300781,-1.3598331212997437,-2.116596221923828,4.0,5
192,-0.9558315873146056,0.4619199633598328,5.519241809844971,-1.01650869846344,-0.5827845335006714,-2.389307737350464,-0.7153414487838745,-1.430291771888733,2.0,7
193,4.874589443206787,-2.0161774158477783,-1.4813984632492063,-0.1918431520462036,-0.4814413189888,-0.5046622753143312,-1.1761609315872192,-1.9937793016433716,0.0,0
194,4.690917491912842,-1.6198956966400146,-1.4379650354385376,-0.6692768335342407,-0.5152603983879088,-0.46703547239303594,-0.9427644610404968,-2.0207228660583496,0.0,0
195,-0.7383341193199157,-0.6365587711334229,-1.377419114112854,0.6650326848030089,-1.036888837814331,4.683945655822754,-0.7489135265350341,-0.96873539686203,5.0,4
196,-0.7367295026779175,-0.7123439311981201,-0.6756556630134584,-1.1075034141540527,-0.887688398361206,-0.6333248019218445,-0.4364773631095886,5.750866413116455,7.0,2
197,-1.4345948696136475,5.615503311157227,1.1308739185333252,-1.1378250122070312,-0.4976822733879089,-0.9045661091804504,-1.0907460451126099,-0.8763973116874695,1.0,1
198,-0.8578446507453918,-0.9450280666351318,-0.7479537725448608,-1.2392795085906982,-0.940881371498108,-0.4766819477081298,-0.26189672946929926,6.120863437652588,7.0,2
199,-0.055328235030174255,-0.9754674434661864,-0.8530033826828003,-1.6534626483917236,-0.6934062242507936,-1.601465344429016,5.926793575286865,-0.8048556447029114,6.0,3
200,-0.4903413057327271,-0.7263506054878234,-1.8112598657608032,0.7957184314727782,-1.1980098485946655,5.315611839294434,-1.0972981452941895,-1.098382830619812,5.0,4
201,-0.35892006754875183,-0.6549608111381531,-1.604066252708435,0.5353508591651917,-0.99105703830719,4.739115715026856,-0.9490934610366819,-0.8249441981315613,5.0,4
202,-1.0279812812805176,0.6275218725204468,5.037794589996338,-1.1873598098754883,-0.42435306310653687,-2.244134426116944,-1.0974930524826048,-1.7989364862442017,2.0,7
203,-0.47908782958984375,-0.9483105540275572,-0.9862077236175536,-1.6146677732467651,-0.60941481590271,-1.5667328834533691,6.486315727233888,-0.7049146294593811,6.0,3
204,0.62079256772995,-1.6413356065750122,-1.2010482549667358,5.13196325302124,-1.695703387260437,0.3748673796653748,-1.4298028945922852,-1.2204395532608032,3.0,6
205,0.6071077585220337,-1.1221899986267088,-0.7332889437675475,4.035052299499512,-1.262802004814148,0.4439646601676941,-1.0461236238479614,-1.393511176109314,3.0,6
206,-0.5662097930908203,-0.7533320188522339,-1.0865464210510252,-1.2225306034088135,-0.6409761905670166,-0.911724865436554,5.853250026702881,-0.6967545747756958,6.0,3
207,0.07486497610807417,-0.6082283854484558,-0.27231189608573914,-1.7756217718124387,5.6053781509399405,-2.425729513168335,-1.243645429611206,-1.7374268770217896,4.0,5
208,-1.0581147670745847,0.5769315958023071,5.438084125518799,-1.246665120124817,-0.5181227922439575,-2.4639792442321777,-0.8979963660240173,-1.6527400016784668,2.0,7
209,-0.38599529862403864,-1.0025476217269895,-0.9231442213058472,-1.5953876972198486,-0.6694759130477905,-1.6180419921875,6.510861396789551,-0.694161593914032,6.0,3
210,0.769045352935791,0.13734450936317444,-0.24846115708351132,1.8037567138671875,-0.7077690362930298,0.0766398012638092,-1.1576138734817505,-0.29874336719512934,0.0,6
211,4.9762139320373535,-1.7403373718261719,-1.4287919998168943,-0.322984904050827,-0.5961170196533203,-0.6722362637519836,-1.1419357061386108,-2.2252364158630367,0.0,0
212,-1.0704209804534912,0.635847270488739,5.395745754241943,-1.3635244369506836,-0.44742897152900696,-2.5091474056243896,-0.8112522959709166,-1.729609966278076,2.0,7
213,4.959134101867676,-1.8687748908996584,-1.3730578422546387,-0.22748231887817383,-0.32335275411605835,-0.6608715057373047,-1.2688027620315552,-2.0477988719940186,0.0,0
214,-0.7208833694458007,-0.7687175273895263,-0.6975187659263611,-1.1647772789001465,-0.850270926952362,-0.6615234017372131,-0.4466421604156494,5.938711643218993,7.0,2
215,-0.8818101286888121,0.3822907209396362,5.126639366149902,-0.9830539226531982,-0.6441617012023926,-2.1051135063171382,-1.1370258331298828,-1.349582552909851,2.0,7
216,-0.9432486891746522,0.46562737226486206,5.102025508880615,-1.015127658843994,-0.5835536122322083,-2.1190001964569087,-1.1767902374267578,-1.4339853525161743,2.0,7
217,0.14091309905052185,-0.906040906906128,-0.5971909761428833,4.134227275848389,-1.6978341341018677,0.5003044605255127,-0.8158881068229675,-1.0198408365249632,5.0,6
218,-1.4452003240585327,5.661883354187012,1.1360343694686887,-1.1567113399505615,-0.5276170372962952,-0.9145556092262269,-1.0614980459213257,-0.9247531294822691,1.0,1
219,1.6582391262054443,-0.7106054425239562,-0.28142488002777094,-1.5873451232910156,3.990830898284912,-2.1503355503082275,-1.8439739942550657,-2.129969596862793,4.0,5
220,-0.38825878500938416,-1.062212824821472,-0.8701393604278563,-1.7783582210540771,-0.6399755477905273,-1.89221453666687,6.521458625793457,-0.72441166639328,6.0,3
221,4.831797122955321,-1.8597341775894165,-1.3276230096817017,0.17134074866771698,-0.2803554236888885,-0.8125144839286803,-1.3643425703048706,-2.1170010566711426,0.0,0
222,0.5083389282226562,-1.5858230590820312,-1.1688994169235227,5.278528213500977,-1.7742522954940796,0.39318591356277466,-1.5110374689102173,-1.2045228481292725,3.0,6
223,-0.4903571605682373,-0.711449146270752,-1.7683914899826048,0.7943114042282104,-1.2200175523757935,5.2895827293396,-1.0735440254211424,-1.0726646184921265,5.0,4
224,-1.4584871530532837,5.456114768981934,0.9167619943618774,-1.078698754310608,-0.47450584173202515,-0.9678400158882141,-0.9391225576400756,-1.0102399587631223,1.0,1
225,4.400677680969238,-1.967712879180908,-1.2088836431503296,-0.17912569642066956,0.549491822719574,-1.1797261238098145,-1.39863383769989,-1.9154238700866697,4.0,0
226,-0.583692193031311,-0.8075791597366333,-0.9769003987312317,-1.519863486289978,-0.6623812317848206,-1.2439491748809814,6.208105087280273,-0.773676872253418,6.0,3
227,0.5114448070526123,-1.571608543395996,-1.1527029275894165,5.225778102874756,-1.7244213819503784,0.3674063682556152,-1.4531335830688477,-1.2271186113357544,3.0,6
228,0.5548174977302551,-1.5712392330169676,-1.1557697057724,5.1105408668518075,-1.6751375198364256,0.3559465408325196,-1.365623116493225,-1.2491390705108643,3.0,6
229,0.5136135220527649,-1.6784521341323853,-1.264698505401611,5.438292026519775,-1.8044532537460327,0.40619707107543945,-1.6622676849365234,-1.1477636098861694,3.0,6
230,-1.0766397714614868,0.5868453979492188,5.442525386810304,-1.2957834005355835,-0.5704416036605834,-2.4652204513549805,-0.8527678847312926,-1.6538795232772827,2.0,7
231,-0.5207746624946593,-0.7329733967781066,-1.834588885307312,0.7994691133499146,-1.1459342241287231,5.33650016784668,-1.1000840663909912,-1.1663439273834229,5.0,4
232,-1.4716851711273191,5.420600414276123,1.4367305040359497,-1.6175119876861572,-0.42417261004447937,-0.7290158867835999,-0.6917698383331299,-0.562099039554596,1.0,1
233,-1.001664161682129,0.470535933971405,5.427946090698241,-1.0821940898895264,-0.5565468072891235,-2.352940082550049,-0.9580277204513549,-1.4571889638900757,2.0,7
234,-0.9432255029678344,0.408674418926239,5.2735557556152335,-1.004206895828247,-0.575753927230835,-2.2192561626434326,-1.091982364654541,-1.4359099864959717,2.0,7
235,-0.7815839648246765,-0.7773207426071168,-0.6984541416168213,-1.1621747016906738,-0.9077035188674927,-0.6252427697181702,-0.3854779005050659,6.061418056488037,7.0,2
236,-0.044290997087955475,-0.4976080656051636,-0.24398100376129153,-1.7376240491867063,5.504884719848633,-2.246068954467773,-1.1659369468688965,-1.527098536491394,4.0,5
237,-0.5787228941917419,-0.70087730884552,-1.7727080583572388,0.9143511652946472,-1.2199306488037107,5.32084846496582,-1.0355947017669676,-1.1745750904083252,5.0,4
238,5.3422932624816895,-2.08012318611145,-1.499923586845398,0.49892401695251454,-0.6525478363037108,-0.7937383651733398,-1.3163317441940308,-2.381664276123047,0.0,0
239,-0.8590813875198364,-0.5724918842315674,-1.83467960357666,1.1799069643020628,-1.2441706657409668,5.076763153076172,-1.1135238409042358,-1.089333415031433,5.0,4
240,0.17425671219825745,-0.6397825479507446,-0.19641125202178955,-1.6271455287933347,5.377761363983153,-2.2204811573028564,-1.240585207939148,-1.4124356508255005,4.0,5
241,-0.06899359077215195,-0.6613651514053345,-0.26692721247673035,-1.8039820194244385,5.547449111938477,-2.351040840148926,-1.0027495622634888,-1.8473645448684688,4.0,5
242,0.1752212643623352,-0.7503442764282225,-0.04932906478643417,-1.542987823486328,5.177669525146484,-2.148347854614258,-1.194647431373596,-1.4033690690994263,4.0,5
243,-0.5710541009902954,-0.8073770999908446,-1.0354255437850952,-1.264007806777954,-0.6579339504241943,-0.9308549761772157,6.017831325531006,-0.8022429347038269,6.0,3
244,0.44106766581535334,-1.5964024066925049,-1.175370454788208,5.39230489730835,-1.770713686943054,0.3753647208213806,-1.521436095237732,-1.2519813776016235,3.0,6
245,-0.7558407187461853,-0.9140750169754028,-0.6908713579177856,-1.2285399436950684,-0.9249134063720704,-0.5932427048683168,-0.35248643159866333,6.128337383270264,7.0,2
246,-0.5526764392852783,-0.6952589750289917,-1.7106081247329712,0.7314607501029968,-1.0984036922454832,5.144418716430664,-1.0067741870880127,-1.0962218046188354,5.0,4
247,-0.6142953634262085,-0.9841128587722777,-0.7794692516326904,-1.3709659576416016,-0.916511297225952,-0.6374536156654358,-0.4207808971405029,6.1405558586120605,5.0,2
248,-0.5778272747993469,-0.7052068114280701,-1.6778740882873535,0.703558087348938,-1.09623384475708,5.1409759521484375,-0.9721482396125792,-1.1245818138122559,5.0,4
249,-0.230936735868454,-1.019312024116516,-0.7401548624038696,-1.5219432115554807,-0.7668929696083069,-1.5923233032226562,6.400905609130859,-0.7149112820625305,6.0,3
250,0.7178605198860168,-0.8747822046279907,-0.16627115011215207,-1.937666416168213,5.116908550262451,-2.624326229095459,-1.2205047607421875,-2.031607389450073,4.0,5
251,0.6095353960990906,-1.630423069000244,-1.2221183776855469,5.195969104766846,-1.7595700025558472,0.4201313853263855,-1.5347775220870972,-1.157068133354187,3.0,6
252,0.19872024655342105,-0.7551492452621461,-0.2570246756076813,-1.8085954189300537,5.487505912780762,-2.449316024780273,-1.1846684217453003,-1.8623286485672,4.0,5
253,-0.7241741418838501,-0.6668639779090881,-1.5578482151031494,0.816640019416809,-1.1050792932510376,5.039811134338378,-0.8792788982391356,-1.124924659729004,5.0,4
254,-0.4737451672554016,-0.7222405076026915,-1.7956252098083496,0.7808541059494017,-1.203802466392517,5.300212383270264,-1.0959938764572144,-1.0711555480957031,5.0,4
255,4.913113117218018,-1.668429613113403,-1.4644258022308347,-0.6403775215148926,-0.49065953493118286,-0.6339920163154602,-1.0751701593399048,-2.0819334983825684,0.0,0
256,0.49069222807884216,-1.6100924015045166,-1.2002316713333128,5.40728235244751,-1.83349609375,0.4307475090026856,-1.5676541328430176,-1.2150758504867551,3.0,6
257,-0.8992916345596313,0.5264167785644531,5.2039265632629395,-0.8989125490188599,-0.5758154392242432,-2.1550185680389404,-1.2184301614761353,-1.557734966278076,2.0,7
258,-1.0849267244338987,0.6092240214347839,5.430989742279053,-1.3380060195922852,-0.5522477030754088,-2.4819588661193848,-0.8201711177825927,-1.666870355606079,2.0,7
259,5.28582763671875,-2.127932071685791,-1.5873786211013792,0.22015357017517087,-0.6664083003997803,-0.6211527585983276,-1.1861873865127563,-2.29561185836792,0.0,0
260,0.4899410307407379,-1.6035206317901611,-1.1908020973205566,5.288918018341064,-1.734969139099121,0.37423199415206904,-1.5036554336547852,-1.232843041419983,3.0,6
261,-0.5770478248596193,-0.6672561168670654,-1.623564839363098,0.787572681903839,-1.1156519651412964,5.004813194274902,-0.9094381332397461,-1.0405101776123047,5.0,4
262,-1.4486596584320068,5.586001396179199,1.0903735160827637,-1.2816505432128906,-0.3927323520183563,-0.9817546010017395,-1.052548050880432,-0.7411448955535888,1.0,1
263,-1.0113989114761353,0.5011081695556641,5.219245433807373,-1.1262351274490356,-0.555732011795044,-2.2607388496398926,-1.0517499446868896,-1.563560128211975,2.0,7
264,-0.43162858486175537,-1.0118988752365112,-0.9380130767822265,-1.6781938076019287,-0.6246672868728638,-1.722550868988037,6.580911636352539,-0.7128675580024719,6.0,3
265,-1.3403757810592651,5.536052703857422,0.8975742459297181,-1.1493706703186035,-0.5707609057426453,-0.9481061100959776,-1.0954129695892332,-0.8293755650520324,1.0,1
266,-0.03883460909128189,-0.5808626413345337,-0.2580852806568146,-1.795520544052124,5.5736069679260245,-2.343255281448364,-1.1033879518508911,-1.775098204612732,4.0,5
267,-0.7024745941162108,-0.6774017810821533,-1.6172784566879272,0.8247396945953369,-1.077727437019348,5.077221870422363,-0.8742693066596986,-1.176849126815796,5.0,4
268,-1.4607900381088257,5.674198627471924,1.14267897605896,-1.1888456344604492,-0.5190731287002563,-0.9063406586647031,-1.0460201501846311,-0.908207356929779,1.0,1
269,0.09723584353923795,-0.7969900965690612,-0.16016528010368347,-1.4173005819320679,-0.8682723045349121,-1.5965365171432495,5.448264598846436,-0.8600310683250427,6.0,3
270,-0.35217607021331787,-0.4513276219367981,-0.23205310106277463,-1.52480411529541,5.2093658447265625,-2.0258915424346924,-0.9261996746063232,-1.581659197807312,4.0,5
271,-0.7683651447296143,-0.6575341224670409,-1.5168105363845823,0.8119575977325438,-1.0851582288742063,4.986201763153076,-0.8449904918670654,-1.1222089529037476,5.0,4
272,-0.06195590645074844,-0.5587215423583984,-0.2670332789421081,-1.7483586072921753,5.599618911743164,-2.353332042694092,-1.1882208585739136,-1.7073804140090942,4.0,5
273,-0.820308744907379,-0.8543099164962769,-0.08018416166305542,-0.42451778054237366,-1.4253649711608887,-0.24924705922603607,-0.6662207841873169,4.488221645355225,7.0,2
274,-0.2069871425628662,-0.3489745557308197,-0.20934104919433597,-1.4840414524078367,5.2138872146606445,-1.9565911293029783,-1.1750187873840332,-1.1196496486663818,4.0,5
275,-1.5637584924697876,5.638914108276367,1.0813504457473755,-1.3945143222808836,-0.48972830176353455,-0.9691711068153379,-0.8091157674789428,-0.9142751097679137,1.0,1
276,-0.3380587697029114,-0.9774808287620544,-0.8834552168846129,-1.8241186141967771,-0.6083332300186157,-1.765336275100708,6.328096866607666,-0.7671396136283873,6.0,3
277,-0.4664368033409119,-0.9553649425506592,-0.9783738255500792,-1.6092298030853271,-0.6300857067108153,-1.574704885482788,6.491823196411133,-0.7040769457817078,6.0,3
278,-0.8025932312011719,-0.7778699994087219,-0.7010173797607422,-1.16280198097229,-0.9195034503936768,-0.6180450320243835,-0.3704515099525452,6.091976642608643,7.0,2
279,-0.5823362469673157,-0.6996246576309204,-1.7049461603164673,0.7563738822937012,-1.189090609550476,5.238920211791992,-1.012821078300476,-1.1221829652786255,5.0,4
280,-0.7665599584579467,-0.7843265533447266,-0.7215680480003358,-1.1702454090118408,-0.8761118650436401,-0.6233375668525696,-0.38013714551925654,5.99407958984375,7.0,2
281,-1.3549747467041016,5.601810932159424,0.9946329593658448,-1.116058588027954,-0.5161023139953613,-0.9616714119911194,-1.1511217355728147,-0.8744727969169616,1.0,1
282,-0.5519065856933594,-0.8507319688796997,-1.0219662189483643,-1.5230711698532104,-0.6259012818336487,-1.348780870437622,6.3476219177246085,-0.7352181077003478,6.0,3
283,-1.4490406513214111,5.668102264404297,1.1278382539749143,-1.1289509534835815,-0.5423048734664917,-0.9322380423545836,-1.0624200105667114,-0.9874106049537658,1.0,1
284,-0.2733292281627655,-0.35138648748397827,-0.20538982748985288,-1.45075786113739,5.1514716148376465,-1.91040313243866,-1.1603282690048216,-1.1028910875320435,4.0,5
285,-1.4753675460815427,5.606600761413574,1.2629669904708862,-1.2237231731414795,-0.5122515559196472,-0.8364097476005553,-0.9238300323486328,-1.0114870071411133,1.0,1
286,4.902085781097412,-1.8202023506164553,-1.382424235343933,-0.39185577630996704,-0.5295030474662781,-0.5678803324699402,-1.0456336736679075,-2.0375683307647705,0.0,0
287,0.05788988620042801,-0.6078706383705139,-0.25908297300338745,-1.8462216854095457,5.553300857543944,-2.378509521484375,-1.1150895357131958,-1.841541409492493,4.0,5
288,-0.2678249180316925,-0.9959008693695068,-0.8461830615997313,-1.8095896244049072,-0.6172835230827332,-1.8139606714248655,6.326630592346192,-0.8379995226860046,6.0,3
289,-0.7519352436065674,-0.8998081684112548,-0.6986610293388367,-1.2339134216308592,-0.9209244847297667,-0.5903230905532837,-0.34579992294311523,6.165729999542236,7.0,2
290,0.4668765664100647,-0.8139411807060242,-0.22575506567955017,-1.6380083560943604,5.29109001159668,-2.3687779903411865,-1.297406792640686,-1.5505186319351196,4.0,5
291,-1.470104932785034,5.60188627243042,1.3496862649917603,-1.466599464416504,-0.5268200635910033,-0.7292067408561705,-0.7331502437591552,-0.7686772942543029,1.0,1
292,-0.8220534324645997,-0.9554117918014526,-0.7373065948486328,-1.2346044778823853,-0.9262334108352659,-0.4836813807487488,-0.2634957432746887,6.006330013275146,7.0,2
293,-0.5593403577804564,-0.4556806981563568,-1.7153481245040891,1.1229512691497803,-1.1624059677124023,4.921661376953125,-1.0488994121551511,-1.4185640811920166,5.0,4
294,-0.5183684825897217,-0.679558038711548,-1.6590827703475952,0.710290789604187,-1.1079516410827637,5.0456600189208975,-0.9738306999206544,-1.0230233669281004,5.0,4
295,-0.8995335698127745,0.44539058208465576,5.117978096008301,-1.0188827514648435,-0.6566861867904663,-2.120798110961914,-1.148266315460205,-1.473771572113037,2.0,7
296,0.4396166205406189,-1.6297061443328855,-1.2060682773590088,5.516695499420166,-1.8221794366836548,0.40345871448516846,-1.5993010997772217,-1.240831971168518,3.0,6
297,0.25186079740524286,-0.7328799962997437,-0.26057255268096924,-1.8127841949462888,5.538111209869385,-2.46230697631836,-1.2691930532455444,-1.826326847076416,4.0,5
298,-0.8467791080474852,-0.943571090698242,-0.7321835756301879,-1.217315912246704,-0.9372942447662352,-0.4748163819313049,-0.2609361410140991,6.019653797149657,7.0,2
299,0.431130051612854,-1.6037983894348145,-1.16542911529541,5.477081775665283,-1.825860619544983,0.38718491792678833,-1.5450910329818723,-1.2364393472671509,3.0,6
300,-0.110340379178524,-0.9958353042602541,-0.4478846192359924,-1.504831314086914,-0.8374845385551453,-1.6124874353408811,6.199601650238037,-0.7720309495925902,6.0,3
301,0.6238424777984619,-1.394477367401123,-1.0392276048660278,4.824767589569092,-1.5909664630889893,0.348824679851532,-1.175032377243042,-1.33694589138031,3.0,6
302,-0.5872693657875061,-0.6945354342460632,-1.723046898841858,0.7786926031112672,-1.135573387145996,5.206480979919434,-0.9904951453208924,-1.128718852996826,5.0,4
303,0.5293375849723816,-1.5925166606903076,-1.1684178113937376,5.103130340576172,-1.650351881980896,0.35138314962387085,-1.4046984910964964,-1.2068194150924683,3.0,6
304,4.4864420890808105,-1.9467351436614992,-1.0601379871368408,-0.07556716352701187,-0.18351270258426663,-1.140055537223816,-0.9839484691619872,-1.9269545078277588,0.0,0
305,-1.0068542957305908,0.4966218769550323,5.302494525909424,-1.1162370443344116,-0.5761085748672485,-2.293864250183105,-1.0177195072174072,-1.5772944688796997,2.0,7
306,0.4802508652210236,-1.5219513177871704,-1.1381343603134155,5.279058933258057,-1.764949917793274,0.3497581481933594,-1.3605722188949585,-1.281252384185791,3.0,6
307,-1.3344887495040891,5.509267330169678,0.8974745273590087,-1.0395275354385376,-0.5789960622787476,-0.9787935614585875,-1.1459550857543943,-0.9291667342185974,1.0,1
308,-1.0156075954437256,0.6797851920127869,4.816742420196533,-1.1254234313964844,-0.3596731424331665,-2.106457471847534,-1.2313839197158811,-1.8700697422027588,2.0,7
309,-0.9404184818267822,-0.8314077258110046,-0.6777811050415039,-1.0858454704284668,-0.9328633546829224,-0.48935604095458973,-0.2263931781053543,5.881133556365967,7.0,2
310,-0.9062359929084778,0.5213567614555359,5.1959900856018075,-0.9401805996894835,-0.6410873532295227,-2.1076731681823726,-1.1657468080520628,-1.6458512544631958,2.0,7
311,5.254615306854248,-2.030522108078003,-1.4904909133911133,0.28866204619407654,-0.54539555311203,-0.7760836482048034,-1.3230029344558716,-2.3036229610443115,0.0,0
312,-0.8211470842361449,0.3826773166656494,5.015756607055664,-0.8253465890884398,-0.6288884878158569,-1.9421229362487793,-1.288636565208435,-1.4250667095184326,2.0,7
313,-1.0375394821166992,0.5160382986068726,5.384409427642822,-1.1720237731933592,-0.5354055762290955,-2.381560802459717,-0.9518749713897704,-1.5543696880340576,2.0,7
314,-0.527866005897522,-0.7180705070495604,-1.8553088903427124,0.9088743925094604,-1.188446283340454,5.37133264541626,-1.094873547554016,-1.197374939918518,5.0,4
315,-1.0156558752059937,0.5707266330718994,5.081327438354492,-1.1684553623199463,-0.49553811550140386,-2.224632024765014,-1.0793722867965698,-1.7785645723342896,2.0,7
316,-0.8128780126571654,-0.8215364217758178,-0.6987500786781311,-1.1754251718521118,-0.9230879545211793,-0.5941889882087708,-0.3374102711677551,6.123948097229004,7.0,2
317,-1.5795642137527464,5.670345306396484,1.093709111213684,-1.4560823440551756,-0.4822273254394531,-0.9671655297279358,-0.7789205312728883,-0.8418729305267334,1.0,1
318,-0.5561424493789673,-0.8474347591400145,-1.0885776281356812,-1.3695091009140015,-0.5921506881713867,-1.1681830883026123,6.232750415802002,-0.6520116329193115,6.0,3
319,-0.02197382599115372,-0.5949736833572388,-0.25855088233947754,-1.806759595870972,5.5794219970703125,-2.357417583465576,-1.1093178987503052,-1.7833054065704343,4.0,5
320,3.251335620880127,-1.7358245849609375,-0.5058400630950928,-0.6899559497833252,0.29130759835243225,-1.3590521812438965,-0.400296688079834,-1.4491629600524902,0.0,0
321,0.5548619627952576,-0.8914679884910582,-0.23136767745018005,-1.8621819019317625,5.353485107421875,-2.572262763977051,-1.2879321575164795,-1.991263508796692,4.0,5
322,0.4904352128505706,-1.596501350402832,-1.1913046836853027,5.3842992782592765,-1.8240672349929807,0.4217828512191773,-1.5434513092041016,-1.2257481813430786,3.0,6
323,0.26645562052726746,-0.6320526003837585,-0.25880247354507446,-1.8018527030944824,5.502199649810791,-2.467548370361328,-1.3009774684906004,-1.767168879508972,4.0,5
324,-0.7708373069763182,-0.9794506430625917,-0.7582241296768188,-1.311297059059143,-0.9346280097961424,-0.5218233466148376,-0.3085484504699707,6.167424678802489,7.0,2
325,-1.4596872329711914,5.531803131103516,0.9601207971572878,-1.1307967901229858,-0.4896128177642822,-0.9726868271827696,-0.9368159770965576,-0.995979368686676,1.0,1
326,-0.9765866994857789,0.521861732006073,4.985438823699951,-1.038601994514465,-0.5242773294448853,-2.10673189163208,-1.160407781600952,-1.4003299474716187,2.0,7
327,3.571880578994751,-1.3458774089813232,-1.1187429428100584,-0.6162429451942444,-0.0808509886264801,-0.8905786871910094,-0.6006272435188292,-1.5222240686416624,0.0,0
328,-0.9692938327789306,-1.0597530603408811,-0.6013859510421753,-1.102630376815796,-0.9711992740631104,-0.3280864953994751,-0.09457409381866456,5.494873046875,7.0,2
329,0.42090463638305664,-1.5657789707183836,-1.1762839555740356,5.3156957626342765,-1.7769887447357176,0.4290630221366882,-1.5944548845291135,-1.2224985361099243,3.0,6
330,-0.02806774526834488,-0.5625346302986145,-0.2672366499900818,-1.7638710737228391,5.60881233215332,-2.364145278930664,-1.2005895376205444,-1.7016125917434692,4.0,5
331,-1.4360253810882568,5.563313961029053,0.9489419460296631,-1.1365852355957031,-0.5076766014099121,-0.9904009699821472,-0.9681997299194337,-1.0059233903884888,1.0,1
332,-0.5417838096618652,-0.7125500440597534,-1.7684510946273804,0.8643237948417662,-1.1910768747329712,5.292810440063477,-1.040128231048584,-1.1239593029022217,5.0,4
333,-0.11464346200227736,-0.9619392156600952,-0.7277679443359374,-1.4600371122360227,-0.8809818625450134,-1.6061391830444336,6.017929553985596,-0.6076683402061462,6.0,3
334,0.6066689491271973,-1.5753250122070312,-1.153821349143982,5.023848533630371,-1.6502145528793335,0.3628086447715759,-1.3569822311401367,-1.2295650243759155,3.0,6
335,-0.21255815029144287,-1.0372418165206907,-0.7860032320022582,-1.5323758125305176,-0.7805837392807008,-1.6809436082839964,6.298669338226318,-0.6644784212112427,6.0,3
336,-0.5013434886932373,-0.7084639072418213,-1.7699815034866333,0.8422213196754454,-1.1722006797790527,5.242897033691406,-1.04762601852417,-1.0770994424819946,5.0,4
337,-0.35356539487838745,-0.6873676180839539,-1.7491906881332395,0.6469120979309082,-1.0664957761764526,5.032978057861328,-1.0723375082015991,-0.8917608857154846,5.0,4
338,-0.4896589517593384,-0.915426194667816,-1.0003740787506104,-1.2284262180328367,-0.6952455639839172,-1.0765235424041748,6.008517265319824,-0.39891925454139704,6.0,3
339,0.4452933669090271,-1.4084618091583252,-1.075671911239624,5.008403301239014,-1.7608877420425415,0.38489794731140137,-1.2449488639831543,-1.313663363456726,5.0,6
340,1.2453821897506712,-1.09415864944458,-0.2564357817173004,-1.7189013957977295,4.7097249031066895,-2.560166835784912,-1.5512615442276,-2.1635830402374268,4.0,5
341,-1.4129780530929563,5.650954246520996,0.9589003324508667,-1.189021587371826,-0.5326573848724365,-0.9825635552406312,-1.0351660251617432,-0.9248625636100768,1.0,1
342,-1.4438536167144775,5.6879568099975595,1.1439601182937622,-1.1609926223754883,-0.5346712470054625,-0.9253929257392883,-1.0657744407653809,-0.9406259655952451,1.0,1
343,-0.2687319815158844,-1.0544326305389404,-0.8275330066680909,-1.5734543800354004,-0.7219540476799011,-1.7175121307373047,6.456757068634033,-0.6907865405082704,6.0,3
344,0.6459649801254272,-1.571016788482666,-1.1771615743637085,4.982078075408936,-1.6481798887252808,0.3685471415519714,-1.3190081119537351,-1.2543516159057615,3.0,6
345,-0.666714072227478,-0.6928325295448303,-1.6899442672729492,0.843957245349884,-1.0943540334701538,5.176925659179688,-0.9548354148864746,-1.189137816429138,5.0,4
346,5.26373815536499,-2.0342228412628174,-1.5755620002746582,-0.012862645089626312,-0.6853205561637878,-0.6814751029014587,-1.1125884056091309,-2.335244655609131,0.0,0
347,-0.5607519745826721,-0.8398445844650269,-1.022949457168579,-1.5493366718292236,-0.6318041086196899,-1.3616909980773924,6.327457427978516,-0.7502091526985168,6.0,3
348,0.2814441919326782,-0.7853052616119384,-0.23570358753204343,-1.817238211631775,5.525946617126465,-2.5038576126098633,-1.2482231855392456,-1.8379751443862915,4.0,5
349,-0.5443270206451416,-0.7144454121589661,-1.769943356513977,0.7609895467758178,-1.1278313398361206,5.241795539855957,-1.03524911403656,-1.1179274320602417,5.0,4
350,-0.3153204917907715,0.5327247381210327,4.0627923011779785,-1.328857183456421,0.018351901322603226,-2.1682558059692383,-1.3922399282455444,-1.3803459405899048,2.0,7
351,-1.4946802854537964,5.639382362365723,1.0394035577774048,-1.2194952964782715,-0.4876058995723724,-0.9763830304145813,-0.911609411239624,-0.9692133069038392,1.0,1
352,-1.5005974769592283,5.584051132202148,1.0040781497955322,-1.1418077945709229,-0.4745604991912842,-0.9784896969795229,-0.9826157093048096,-0.9386510252952576,1.0,1
353,-1.4973809719085691,5.597068786621094,0.9940162897109984,-1.1456166505813599,-0.47649517655372614,-0.9834359288215635,-1.0012286901474,-0.916119873523712,1.0,1
354,-1.0260567665100095,0.6717963218688965,4.941662311553955,-1.2031419277191162,-0.38910141587257385,-2.2149932384490967,-1.0966874361038208,-1.838635325431824,2.0,7
355,-0.6553827524185181,-0.6865112781524657,-1.7393518686294556,0.9222819805145264,-1.1963981389999387,5.283324241638184,-0.9782377481460572,-1.2024568319320679,5.0,4
356,-1.40811550617218,5.606858253479004,0.9804322719573975,-1.133675217628479,-0.5438879728317261,-0.9415112137794495,-1.0983201265335083,-0.9021722674369811,1.0,1
357,-1.0147557258605957,0.4828386604785919,5.34774923324585,-1.1105306148529053,-0.5549400448799133,-2.3126494884490967,-1.0033388137817383,-1.5216599702835083,2.0,7
358,5.360736846923828,-2.1506631374359126,-1.5937474966049194,0.4214779138565064,-0.6448161602020264,-0.7333229184150695,-1.313278079032898,-2.3379926681518555,0.0,0
359,-0.818168044090271,-0.9513747096061705,-0.7320122718811035,-1.2490767240524292,-0.943351149559021,-0.5072779059410095,-0.2882990837097168,6.123934268951416,7.0,2
360,3.5258681774139404,-1.0131231546401975,-0.6412271857261658,0.8528335690498352,-0.3609279692173004,-0.9727371335029602,-1.5067731142044067,-1.4989023208618164,0.0,0
361,-0.5724822282791138,-0.7635700106620787,-1.0721937417984009,-1.284433364868164,-0.6462509632110596,-0.9728221297264099,5.9299635887146,-0.7336886525154114,6.0,3
362,-0.9663715362548829,0.46988844871521,5.4783921241760245,-1.0530204772949219,-0.6416873931884766,-2.340196371078491,-0.9438785314559937,-1.5628823041915891,2.0,7
363,-0.5078871250152588,-0.9141348004341123,-1.0417990684509275,-1.3840085268020628,-0.602684497833252,-1.246462345123291,6.298410892486572,-0.582853376865387,6.0,3
364,-0.5934557318687439,-0.9939961433410643,-0.778207778930664,-1.3727881908416748,-0.9194985032081603,-0.6415624022483826,-0.43358683586120605,6.1209187507629395,5.0,2
365,0.034613586962223046,-0.40789809823036194,-0.1688839495182037,-1.8877906799316408,5.200653076171875,-2.4717345237731934,-0.8207843303680421,-1.8515353202819824,4.0,5
366,-0.8872874975204467,0.42668575048446655,5.062649250030518,-0.9578317403793336,-0.6511991024017334,-2.0505845546722408,-1.208996534347534,-1.383818507194519,2.0,7
367,-0.3031218647956848,-0.6699566841125488,-1.7322974205017088,0.6261622905731201,-1.0503313541412351,4.962539196014404,-1.0694795846939087,-0.8440667986869811,5.0,4
368,-1.05314302444458,0.6081838607788086,5.416522026062012,-1.3107224702835083,-0.4778285622596741,-2.4962754249572754,-0.8529878258705139,-1.711769461631775,2.0,7
369,-1.3261979818344116,5.470355987548828,0.9103676676750184,-1.1412000656127927,-0.6006845235824585,-0.9116501808166506,-1.1118403673171997,-0.805364191532135,1.0,1
370,4.990889072418213,-1.949709177017212,-1.456321597099304,-0.35572606325149536,-0.5173510909080504,-0.6434864401817322,-1.0778053998947144,-2.1605391502380367,0.0,0
371,-0.272216796875,-0.4307434558868408,-0.22277963161468503,-1.617422103881836,5.341222286224365,-2.097357273101806,-1.0599511861801147,-1.4734381437301636,4.0,5
372,-1.6118372678756712,5.628848075866699,1.2081656455993652,-1.4883841276168823,-0.4774748086929321,-0.9440992474555968,-0.6287765502929688,-0.9288256764411926,1.0,1
373,-1.2893136739730835,5.446398735046387,0.8985182046890258,-0.9706087112426756,-0.5991523861885071,-0.984528124332428,-1.203773021697998,-0.9019121527671813,1.0,1
374,5.342588901519775,-2.164916753768921,-1.6113340854644775,0.2513408064842224,-0.6778929233551024,-0.6554245352745056,-1.2402141094207764,-2.286492109298706,0.0,0
375,5.398730754852295,-2.1745443344116206,-1.584396719932556,0.41640469431877136,-0.6720856428146361,-0.7527729272842406,-1.2935220003128052,-2.384099006652832,0.0,0
376,-0.8676053285598755,0.40092578530311584,5.12743091583252,-0.9734362363815309,-0.6770190596580504,-2.102229356765747,-1.133203148841858,-1.3958431482315063,2.0,7
377,-0.5409873723983765,-0.7034145593643188,-1.722096562385559,0.7493662238121032,-1.133345127105713,5.189269065856934,-1.0130867958068848,-1.0826051235198975,5.0,4
378,-0.9448151588439939,0.45984107255935674,5.458819389343262,-1.09830105304718,-0.662857174873352,-2.389644145965576,-0.9846304655075072,-1.540695309638977,2.0,7
379,-0.6307043433189392,-1.0575480461120603,-0.8182045221328734,-1.4377713203430176,-0.9191847443580627,-0.5884922742843628,-0.3420275449752808,6.146912097930908,5.0,2
380,-0.7223030328750609,-0.8238244056701661,-0.657447099685669,-1.1490691900253296,-0.9174332618713379,-0.603746771812439,-0.40096914768218994,5.843982219696045,7.0,2
381,-0.5739534497261047,-0.8180066347122192,-0.9921275973320008,-1.540296196937561,-0.6412634253501892,-1.2948105335235596,6.261075496673584,-0.7967441082000732,6.0,3
382,5.282386779785156,-2.072920083999634,-1.5242398977279663,0.24867102503776553,-0.5410832166671753,-0.7797673344612122,-1.3239825963974,-2.327957391738892,0.0,0
383,-0.9131727218627927,0.433788776397705,5.181511878967285,-0.9986346960067747,-0.6430295705795288,-2.1405067443847656,-1.1140453815460205,-1.4242650270462036,2.0,7
384,-0.8415263295173645,0.4835954904556274,4.993448257446289,-0.8334795832633971,-0.6766564846038817,-1.9468836784362793,-1.2455531358718872,-1.4790594577789307,2.0,7
385,0.4206657111644745,-0.826135218143463,-0.24530452489852905,-1.8031214475631716,5.4269018173217765,-2.5065541267395015,-1.3017501831054688,-1.8556636571884155,4.0,5
386,-0.8021739721298218,-0.9614062309265136,-0.7459625601768493,-1.2825946807861328,-0.9431439638137816,-0.517769992351532,-0.30041736364364624,6.1888556480407715,7.0,2
387,-0.32717335224151606,-0.4040633141994476,-0.23168307542800903,-1.5179355144500732,5.186249732971192,-1.984871864318848,-1.0196796655654907,-1.3958582878112793,4.0,5
388,0.4023438692092896,-1.4947848320007324,-1.0366582870483398,5.061670780181885,-1.7239383459091187,0.26994186639785767,-1.5860556364059448,-1.0230300426483154,3.0,6
389,-0.45319828391075134,-0.7633299827575684,-1.9002958536148071,0.8387269973754883,-1.2050645351409912,5.408928394317626,-1.1669002771377563,-1.1385895013809204,5.0,4
390,-0.4841541647911072,-0.939862072467804,-0.9842213392257689,-1.6040056943893433,-0.63340163230896,-1.5509967803955078,6.478634357452393,-0.7112035155296326,6.0,3
391,-0.5927767157554625,-1.0784575939178467,-0.8126158118247987,-1.4467275142669676,-0.932259202003479,-0.5846352577209473,-0.36179429292678833,6.107997417449951,5.0,2
392,-0.8802091479301453,0.4621204733848572,5.161075592041016,-0.8705022335052489,-0.6267101168632507,-2.065994501113892,-1.248773455619812,-1.5071007013320923,2.0,7
393,0.48161730170249933,-1.6687994003295898,-1.2690341472625732,5.4873433113098145,-1.8418146371841433,0.4279814958572388,-1.748273491859436,-1.172619342803955,3.0,6
394,-1.3282562494277954,5.427209854125977,1.0754313468933103,-1.1750377416610716,-0.44126611948013306,-0.994801104068756,-1.1716302633285522,-0.7189996242523192,1.0,1
395,-1.432969570159912,5.527780532836913,0.9104599356651306,-1.1132832765579224,-0.5067774057388306,-0.9951432347297667,-1.0168625116348267,-0.9780892729759216,1.0,1
396,-1.501216411590576,5.489246368408203,1.3726545572280884,-1.5330641269683836,-0.4351690411567688,-0.7072124481201172,-0.6108487844467163,-0.6342689394950867,1.0,1
397,-0.6973364949226379,-0.6728294491767883,-1.6697713136672971,0.8603581190109253,-1.0912275314331055,5.155550479888916,-0.9140467643737794,-1.2124277353286743,5.0,4
